Precinct,RegisteredVoters,HarrisEDay,TrumpEDay,SteinEDay,OliverEDay,WIEDay,TotalEDay,HarrisPct,TrumpPct
Aleppo,1363,306,348,7,6,4,671,0.456035767511177,0.518628912071535
Aspinwall Dist 1,855,342,208,0,2,2,554,0.617328519855596,0.375451263537906
Aspinwall Dist 2,582,226,114,3,2,0,345,0.655072463768116,0.330434782608696
Aspinwall Dist 3,827,339,160,2,3,2,506,0.6699604743083,0.316205533596838
Avalon Ward 1,1115,391,215,2,4,4,616,0.63474025974026,0.349025974025974
Avalon Ward 2 Dist 1,712,242,152,1,5,6,406,0.596059113300493,0.374384236453202
Avalon Ward 2 Dist 2,472,151,90,1,0,0,242,0.62396694214876,0.371900826446281
Avalon Ward 3 Dist 1,335,101,84,1,2,0,188,0.537234042553192,0.446808510638298
Avalon Ward 3 Dist 2,459,119,90,1,4,1,215,0.553488372093023,0.418604651162791
Avalon Ward 3 Dist 3,517,169,73,0,1,0,243,0.695473251028807,0.300411522633745
Baldwin Br Dist 1,613,152,183,1,3,0,339,0.448377581120944,0.539823008849558
Baldwin Br Dist 2,1041,268,299,3,2,3,575,0.466086956521739,0.52
Baldwin Br Dist 3,857,248,261,2,2,1,514,0.482490272373541,0.507782101167315
Baldwin Br Dist 4,798,188,281,3,2,0,474,0.39662447257384,0.592827004219409
Baldwin Br Dist 5,840,213,268,0,1,1,483,0.440993788819876,0.554865424430642
Baldwin Br Dist 6,743,157,245,2,3,3,410,0.382926829268293,0.597560975609756
Baldwin Br Dist 7,833,217,257,2,2,0,478,0.45397489539749,0.53765690376569
Baldwin Br Dist 8,729,164,247,0,4,0,415,0.395180722891566,0.595180722891566
Baldwin Br Dist 9,776,175,234,0,3,0,412,0.424757281553398,0.567961165048544
Baldwin Br Dist 10,1029,224,191,4,3,0,422,0.530805687203792,0.45260663507109
Baldwin Br Dist 11,1308,305,211,4,1,4,525,0.580952380952381,0.401904761904762
Baldwin Br Dist 12,660,172,232,0,2,2,408,0.42156862745098,0.568627450980392
Baldwin Br Dist 13,685,180,256,2,3,4,445,0.404494382022472,0.575280898876405
Baldwin Br Dist 14,614,163,206,2,1,0,372,0.438172043010753,0.553763440860215
Baldwin Br Dist 15,806,181,296,1,2,1,481,0.376299376299376,0.615384615384615
Baldwin Br Dist 16,916,257,268,1,1,3,530,0.484905660377359,0.505660377358491
Baldwin Br Dist 17,678,176,184,2,0,0,362,0.486187845303867,0.50828729281768
Baldwin Br Dist 18,972,244,277,2,4,1,528,0.462121212121212,0.524621212121212
Baldwin Tp Dist 1,809,264,249,2,3,1,519,0.508670520231214,0.479768786127168
Baldwin Tp Dist 2,762,211,247,2,3,2,465,0.453763440860215,0.531182795698925
Bell Acres,1188,286,389,4,3,7,689,0.415094339622642,0.564586357039187
Bellevue Ward 1 Dist 1,973,293,178,4,5,3,483,0.606625258799172,0.368530020703934
Bellevue Ward 1 Dist 2,984,353,162,2,6,2,525,0.672380952380952,0.308571428571429
Bellevue Ward 2 Dist 1,1092,345,200,4,2,8,559,0.617173524150268,0.35778175313059
Bellevue Ward 2 Dist 2,989,312,197,1,2,6,518,0.602316602316602,0.38030888030888
Bellevue Ward 3 Dist 1,1048,354,182,3,3,3,545,0.64954128440367,0.33394495412844
Bellevue Ward 3 Dist 2,981,313,224,1,4,1,543,0.576427255985267,0.412523020257827
Ben Avon Dist 1,496,210,105,0,2,2,319,0.658307210031348,0.329153605015674
Ben Avon Dist 2,994,384,220,1,5,2,612,0.627450980392157,0.359477124183007
Ben Avon Ht,341,116,90,0,0,1,207,0.560386473429952,0.434782608695652
Bethel Park Ward 1 Dist 1,869,161,292,3,2,1,459,0.350762527233115,0.636165577342048
Bethel Park Ward 1 Dist 2,801,204,237,1,4,3,449,0.4543429844098,0.527839643652561
Bethel Park Ward 1 Dist 3,840,196,270,0,2,1,469,0.417910447761194,0.575692963752665
Bethel Park Ward 2 Dist 1,748,174,268,2,5,1,450,0.386666666666667,0.595555555555556
Bethel Park Ward 2 Dist 2,939,214,297,2,6,1,520,0.411538461538462,0.571153846153846
Bethel Park Ward 2 Dist 3,1099,221,376,2,2,1,602,0.367109634551495,0.624584717607973
Bethel Park Ward 3 Dist 1,791,175,283,1,3,2,464,0.377155172413793,0.609913793103448
Bethel Park Ward 3 Dist 2,1100,220,350,7,4,0,581,0.378657487091222,0.602409638554217
Bethel Park Ward 3 Dist 3,1055,226,351,1,7,2,587,0.385008517887564,0.597955706984668
Bethel Park Ward 4 Dist 1,1351,294,442,1,3,4,744,0.395161290322581,0.594086021505376
Bethel Park Ward 4 Dist 2,808,188,222,3,3,2,418,0.449760765550239,0.5311004784689
Bethel Park Ward 4 Dist 3,878,195,257,6,1,2,461,0.422993492407809,0.557483731019523
Bethel Park Ward 5 Dist 1,712,136,251,2,1,3,393,0.346055979643766,0.638676844783715
Bethel Park Ward 5 Dist 2,653,169,213,1,2,2,387,0.436692506459948,0.550387596899225
Bethel Park Ward 5 Dist 3,1481,310,326,1,5,3,645,0.48062015503876,0.505426356589147
Bethel Park Ward 6 Dist 1,1285,264,442,1,1,1,709,0.372355430183357,0.623413258110014
Bethel Park Ward 6 Dist 2,945,251,284,2,3,3,543,0.462246777163904,0.523020257826888
Bethel Park Ward 6 Dist 3,908,191,273,1,0,2,467,0.408993576017131,0.58458244111349
Bethel Park Ward 7 Dist 1,1182,279,398,1,0,3,681,0.409691629955947,0.584434654919236
Bethel Park Ward 7 Dist 2,1286,269,344,0,4,5,622,0.432475884244373,0.553054662379421
Bethel Park Ward 7 Dist 3,760,178,228,1,2,3,412,0.432038834951456,0.553398058252427
Bethel Park Ward 8 Dist 1,556,142,176,1,2,0,321,0.442367601246106,0.548286604361371
Bethel Park Ward 8 Dist 2,526,123,94,1,3,1,222,0.554054054054054,0.423423423423423
Bethel Park Ward 8 Dist 3,1322,300,430,5,1,6,742,0.404312668463612,0.579514824797844
Bethel Park Ward 8 Dist 4,468,129,133,1,1,2,266,0.484962406015038,0.5
Bethel Park Ward 9 Dist 1,594,170,192,0,1,2,365,0.465753424657534,0.526027397260274
Bethel Park Ward 9 Dist 2,750,208,202,4,3,1,418,0.497607655502392,0.483253588516746
Bethel Park Ward 9 Dist 3,1398,323,409,0,3,2,737,0.438263229308005,0.554952510176391
Blawnox,1010,284,256,4,4,1,549,0.517304189435337,0.466302367941712
Brackenridge Ward 1,481,117,148,1,0,0,266,0.43984962406015,0.556390977443609
Brackenridge Ward 2,800,185,278,1,3,1,468,0.395299145299145,0.594017094017094
Brackenridge Ward 3,683,126,252,1,1,2,382,0.329842931937173,0.659685863874346
Braddock Ward 1,440,145,18,2,1,1,167,0.868263473053892,0.107784431137725
Braddock Ward 2,607,227,25,2,0,1,255,0.890196078431373,0.0980392156862745
Braddock Ward 3,461,154,18,3,0,0,175,0.88,0.102857142857143
Braddock Hl Dist 1,798,225,112,4,1,1,343,0.65597667638484,0.326530612244898
Braddock Hl Dist 2,525,202,104,1,2,2,311,0.64951768488746,0.334405144694534
Bradford Woods,1021,240,313,0,4,3,560,0.428571428571429,0.558928571428571
Brentwood Dist 1,547,170,160,6,2,4,342,0.497076023391813,0.467836257309942
Brentwood Dist 2,767,197,205,2,4,3,411,0.479318734793187,0.498783454987835
Brentwood Dist 3,650,186,201,0,2,2,391,0.475703324808184,0.514066496163683
Brentwood Dist 4,806,204,224,2,3,2,435,0.468965517241379,0.514942528735632
Brentwood Dist 5,735,234,138,1,4,1,378,0.619047619047619,0.365079365079365
Brentwood Dist 6,672,181,128,0,1,2,312,0.580128205128205,0.41025641025641
Brentwood Dist 7,772,198,189,0,5,3,395,0.50126582278481,0.478481012658228
Brentwood Dist 8,728,188,208,1,3,2,402,0.467661691542289,0.517412935323383
Brentwood Dist 9,600,171,157,2,0,1,331,0.516616314199396,0.474320241691843
Brentwood Dist 10,565,141,184,1,2,2,330,0.427272727272727,0.557575757575758
Bridgeville Dist 1,792,198,257,2,6,0,463,0.427645788336933,0.555075593952484
Bridgeville Dist 2,875,253,271,2,1,0,527,0.480075901328273,0.514231499051233
Bridgeville Dist 3,850,192,317,0,2,0,511,0.37573385518591,0.620352250489237
Bridgeville Dist 4,1008,256,288,5,3,3,555,0.461261261261261,0.518918918918919
Carnegie Ward 1 Dist 1,548,152,151,2,2,0,307,0.495114006514658,0.49185667752443
Carnegie Ward 1 Dist 2,1218,371,300,6,11,1,689,0.538461538461538,0.435413642960813
Carnegie Ward 1 Dist 3,871,254,258,2,1,4,519,0.489402697495183,0.497109826589595
Carnegie Ward 1 Dist 4,373,85,63,1,1,2,152,0.55921052631579,0.414473684210526
Carnegie Ward 2 Dist 1,667,191,152,5,0,1,349,0.547277936962751,0.435530085959885
Carnegie Ward 2 Dist 2,514,167,111,2,0,0,280,0.596428571428571,0.396428571428571
Carnegie Ward 2 Dist 3,494,117,148,2,0,1,268,0.436567164179104,0.552238805970149
Carnegie Ward 2 Dist 4,836,215,168,6,2,1,392,0.548469387755102,0.428571428571429
Casl Shannon Dist 1,1069,286,208,0,3,5,502,0.569721115537849,0.414342629482072
Casl Shannon Dist 2,799,222,231,3,5,4,465,0.47741935483871,0.496774193548387
Casl Shannon Dist 3,872,234,256,2,1,0,493,0.474645030425964,0.519269776876268
Casl Shannon Dist 4,655,174,163,1,1,1,340,0.511764705882353,0.479411764705882
Casl Shannon Dist 5,842,246,211,4,1,1,463,0.531317494600432,0.455723542116631
Casl Shannon Dist 6,653,178,181,1,1,1,362,0.49171270718232,0.5
Casl Shannon Dist 7,744,198,224,1,0,2,425,0.465882352941176,0.527058823529412
Casl Shannon Dist 8,551,142,162,1,2,1,308,0.461038961038961,0.525974025974026
Chalfant Dist 1,606,177,145,2,1,3,328,0.539634146341463,0.442073170731707
Cheswick Dist 1,661,159,250,0,2,0,411,0.386861313868613,0.608272506082725
Cheswick Dist 2,652,158,247,0,0,1,406,0.389162561576355,0.608374384236453
Churchill Dist 1,717,266,109,2,2,3,382,0.696335078534031,0.285340314136126
Churchill Dist 2,701,231,118,8,4,1,362,0.638121546961326,0.325966850828729
Churchill Dist 3,650,243,114,3,4,2,366,0.663934426229508,0.311475409836066
Churchill Dist 4,701,202,160,6,2,2,372,0.543010752688172,0.43010752688172
Clairton Ward 1 Dist 1,361,98,62,3,1,1,165,0.593939393939394,0.375757575757576
Clairton Ward 1 Dist 2,429,120,91,1,0,1,213,0.563380281690141,0.427230046948357
Clairton Ward 1 Dist 3,338,77,117,1,0,0,195,0.394871794871795,0.6
Clairton Ward 2 Dist 1,94,48,0,0,0,0,48,1,0
Clairton Ward 2 Dist 2,281,103,12,0,1,0,116,0.887931034482759,0.103448275862069
Clairton Ward 2 Dist 3,421,143,23,1,0,0,167,0.856287425149701,0.137724550898204
Clairton Ward 3 Dist 1,448,115,93,2,2,0,212,0.542452830188679,0.438679245283019
Clairton Ward 3 Dist 2,318,85,47,1,1,0,134,0.634328358208955,0.350746268656716
Clairton Ward 3 Dist 3,350,71,57,0,0,0,128,0.5546875,0.4453125
Clairton Ward 4 Dist 1,347,145,21,1,2,0,169,0.857988165680473,0.124260355029586
Clairton Ward 4 Dist 2,377,134,27,1,1,0,163,0.822085889570552,0.165644171779141
Clairton Ward 4 Dist 3,421,102,113,2,2,1,220,0.463636363636364,0.513636363636364
Collier Dist 1,1662,349,594,7,4,4,958,0.364300626304802,0.620041753653445
Collier Dist 2,1416,320,546,3,6,3,878,0.364464692482916,0.621867881548975
Collier Dist 3,1309,279,378,4,4,7,672,0.415178571428571,0.5625
Collier Dist 4,762,217,216,1,2,2,438,0.495433789954338,0.493150684931507
Collier Dist 5,1005,171,328,1,3,6,509,0.335952848722986,0.644400785854617
Collier Dist 6,1154,253,362,2,6,0,623,0.406099518459069,0.581059390048154
Coraopolis Ward 1 Dist 1,456,159,85,3,2,0,249,0.63855421686747,0.34136546184739
Coraopolis Ward 1 Dist 2,481,138,138,1,2,0,279,0.494623655913979,0.494623655913979
Coraopolis Ward 2,813,187,173,0,0,0,360,0.519444444444445,0.480555555555556
Coraopolis Ward 3 Dist 1,593,150,157,0,3,1,311,0.482315112540193,0.504823151125402
Coraopolis Ward 3 Dist 2,557,143,171,1,1,0,316,0.45253164556962,0.541139240506329
Coraopolis Ward 4 Dist 1,457,119,131,0,3,0,253,0.470355731225296,0.517786561264822
Coraopolis Ward 4 Dist 2,523,132,154,2,1,0,289,0.456747404844291,0.532871972318339
Crafton Ward 1 Dist 1,905,298,189,3,4,1,495,0.602020202020202,0.381818181818182
Crafton Ward 1 Dist 2,598,177,151,1,3,0,332,0.533132530120482,0.454819277108434
Crafton Ward 2 Dist 1,608,192,151,2,7,2,354,0.542372881355932,0.426553672316384
Crafton Ward 2 Dist 2,786,230,146,2,0,1,379,0.606860158311346,0.385224274406332
Crafton Ward 3 Dist 1,1005,328,237,5,7,6,583,0.562607204116638,0.406518010291595
Crafton Ward 3 Dist 2,563,191,156,0,2,0,349,0.547277936962751,0.446991404011461
Crescent Ward 1,1078,264,382,0,11,0,657,0.401826484018265,0.581430745814307
Crescent Ward 2,698,138,283,1,5,1,428,0.322429906542056,0.661214953271028
Dormont Dist 1,729,232,145,0,1,1,379,0.612137203166227,0.382585751978892
Dormont Dist 2,546,220,120,1,3,4,348,0.632183908045977,0.344827586206897
Dormont Dist 3,927,332,188,1,3,3,527,0.629981024667932,0.356736242884251
Dormont Dist 4,662,227,109,2,1,3,342,0.66374269005848,0.318713450292398
Dormont Dist 5,1026,366,186,4,2,1,559,0.65474060822898,0.332737030411449
Dormont Dist 6,519,176,95,4,4,2,281,0.626334519572954,0.338078291814947
Dormont Dist 7,521,195,94,2,0,1,292,0.667808219178082,0.321917808219178
Dormont Dist 8,407,163,78,1,1,2,245,0.66530612244898,0.318367346938776
Dormont Dist 9,544,212,98,4,0,1,315,0.673015873015873,0.311111111111111
Dormont Dist 10,636,273,129,3,3,1,409,0.667481662591687,0.315403422982885
Dravosburg Dist 1,540,108,174,2,3,1,288,0.375,0.604166666666667
Dravosburg Dist 2,341,63,138,1,1,1,204,0.308823529411765,0.676470588235294
Dravosburg Dist 3,257,58,88,2,3,1,152,0.381578947368421,0.578947368421053
Duquesne Ward 1 Dist 1,449,148,81,0,1,1,231,0.640692640692641,0.350649350649351
Duquesne Ward 1 Dist 2,485,130,41,0,1,1,173,0.751445086705202,0.236994219653179
Duquesne Ward 1 Dist 3,296,101,8,0,1,1,111,0.90990990990991,0.0720720720720721
Duquesne Ward 1 Dist 4,192,51,18,0,0,0,69,0.739130434782609,0.260869565217391
Duquesne Ward 2 Dist 1,328,94,20,0,0,0,114,0.824561403508772,0.175438596491228
Duquesne Ward 2 Dist 2,362,106,28,2,1,0,137,0.773722627737226,0.204379562043796
Duquesne Ward 2 Dist 3,426,118,64,2,1,1,186,0.634408602150538,0.344086021505376
Duquesne Ward 3 Dist 1,224,69,17,0,0,0,86,0.802325581395349,0.197674418604651
Duquesne Ward 3 Dist 2,146,48,5,0,0,0,53,0.905660377358491,0.0943396226415094
Duquesne Ward 3 Dist 3,528,160,68,4,0,2,234,0.683760683760684,0.290598290598291
East Deer Ward 1,349,97,133,0,1,0,231,0.41991341991342,0.575757575757576
East Deer Ward 2,604,126,217,0,0,1,344,0.366279069767442,0.630813953488372
E McKeesport Dist 1,400,105,118,1,0,2,226,0.464601769911504,0.52212389380531
E McKeesport Dist 2,531,167,138,0,2,1,308,0.542207792207792,0.448051948051948
E McKeesport Dist 3,474,143,122,1,0,2,268,0.533582089552239,0.455223880597015
E Pittsburgh Ward 1,342,107,30,1,1,1,140,0.764285714285714,0.214285714285714
E Pittsburgh Ward 2,387,125,36,0,1,3,165,0.757575757575758,0.218181818181818
E Pittsburgh Ward 3,514,138,46,0,0,0,184,0.75,0.25
Edgewood Dist 1,1074,438,83,2,1,2,526,0.832699619771863,0.157794676806084
Edgewood Dist 2,938,406,70,3,0,3,482,0.842323651452282,0.145228215767635
Edgewood Dist 3,882,344,52,2,3,0,401,0.85785536159601,0.129675810473815
Edgeworth Dist 1,675,203,153,0,6,3,365,0.556164383561644,0.419178082191781
Edgeworth Dist 2,801,220,199,3,2,9,433,0.508083140877598,0.459584295612009
Elizabeth Br,894,177,369,0,1,1,548,0.322992700729927,0.673357664233577
Elizabeth Tp Ward 1 Dist 1,565,121,244,1,0,1,367,0.329700272479564,0.664850136239782
Elizabeth Tp Ward 1 Dist 2,969,172,446,1,1,4,624,0.275641025641026,0.71474358974359
Elizabeth Tp Ward 2,1353,260,597,1,3,5,866,0.300230946882217,0.689376443418014
Elizabeth Tp Ward 3,1388,223,646,5,5,3,882,0.252834467120181,0.732426303854875
Elizabeth Tp Ward 4 Dist 1,883,150,359,1,3,4,517,0.290135396518375,0.694390715667311
Elizabeth Tp Ward 4 Dist 2,435,75,200,0,0,4,279,0.268817204301075,0.716845878136201
Elizabeth Tp Ward 5 Dist 1,439,62,213,1,1,0,277,0.223826714801444,0.768953068592058
Elizabeth Tp Ward 5 Dist 2,790,148,319,0,2,2,471,0.314225053078556,0.677282377919321
Elizabeth Tp Ward 6 Dist 1,610,88,320,1,2,0,411,0.214111922141119,0.778588807785888
Elizabeth Tp Ward 6 Dist 2,751,104,369,0,1,1,475,0.218947368421053,0.776842105263158
Elizabeth Tp Ward 7,1231,225,559,0,2,1,787,0.285895806861499,0.710292249047014
Emsworth Dist 1,795,214,237,4,0,8,463,0.462203023758099,0.511879049676026
Emsworth Dist 2,1006,272,277,2,3,5,559,0.486583184257603,0.495527728085868
Etna Ward 1,828,262,216,5,5,5,493,0.531440162271805,0.438133874239351
Etna Ward 2,688,160,171,4,3,0,338,0.473372781065089,0.505917159763314
Etna Ward 3,714,205,229,2,3,2,441,0.464852607709751,0.519274376417234
Fawn Dist 1,571,81,293,2,4,1,381,0.21259842519685,0.769028871391076
Fawn Dist 2,948,144,458,1,0,0,603,0.238805970149254,0.759535655058043
Findlay Dist 1,1800,308,773,3,5,1,1090,0.28256880733945,0.709174311926606
Findlay Dist 2,2053,412,769,5,9,2,1197,0.344193817878028,0.642439431913116
Findlay Dist 3,1293,300,510,2,5,1,818,0.366748166259169,0.623471882640587
Forest Hills Dist 1,626,246,100,1,2,2,351,0.700854700854701,0.284900284900285
Forest Hills Dist 2,653,257,96,1,1,3,358,0.717877094972067,0.268156424581006
Forest Hills Dist 3,643,221,122,1,1,4,349,0.63323782234957,0.349570200573066
Forest Hills Dist 4,775,289,108,3,3,2,405,0.71358024691358,0.266666666666667
Forest Hills Dist 5,710,256,158,3,1,2,420,0.60952380952381,0.376190476190476
Forest Hills Dist 6,608,250,88,0,7,2,347,0.720461095100865,0.253602305475504
Forest Hills Dist 7,773,288,98,5,0,2,393,0.732824427480916,0.249363867684478
Forest Hills Dist 8,726,244,131,2,3,7,387,0.630490956072351,0.338501291989664
Forward Dist 1,374,42,212,2,0,0,256,0.1640625,0.828125
Forward Dist 2,866,122,405,1,3,1,532,0.229323308270677,0.761278195488722
Forward Dist 3,395,58,193,1,2,0,254,0.228346456692913,0.759842519685039
Forward Dist 4,466,79,235,0,3,0,317,0.249211356466877,0.741324921135647
Fox Chapel Dist 1,852,271,160,1,1,1,434,0.624423963133641,0.368663594470046
Fox Chapel Dist 2,1020,289,209,5,4,3,510,0.566666666666667,0.409803921568627
Fox Chapel Dist 3,752,215,170,1,1,0,387,0.555555555555556,0.439276485788114
Fox Chapel Dist 4,1210,373,237,1,3,6,620,0.601612903225806,0.382258064516129
Fox Chapel Dist 5,963,218,226,0,5,4,453,0.481236203090508,0.498896247240618
Franklin Pk Ward 1 Dist 1,1228,250,419,4,1,4,678,0.368731563421829,0.617994100294985
Franklin Pk Ward 1 Dist 2,1519,285,406,4,3,5,703,0.405405405405405,0.577524893314367
Franklin Pk Ward 1 Dist 3,1292,301,338,2,3,3,647,0.465224111282844,0.52241112828439
Franklin Pk Ward 2 Dist 1,1310,303,371,16,9,6,705,0.429787234042553,0.526241134751773
Franklin Pk Ward 2 Dist 2,1298,219,333,2,4,3,561,0.390374331550802,0.593582887700535
Franklin Pk Ward 2 Dist 3,1454,386,381,4,4,15,790,0.488607594936709,0.482278481012658
Franklin Pk Ward 3 Dist 1,1359,275,350,1,2,1,629,0.437201907790143,0.556438791732909
Franklin Pk Ward 3 Dist 2,778,209,232,3,5,4,453,0.461368653421634,0.512141280353201
Franklin Pk Ward 3 Dist 3,1294,303,357,3,8,3,674,0.449554896142433,0.529673590504451
Frazer,826,116,445,4,1,1,567,0.204585537918871,0.784832451499118
Glassport Dist 1,566,111,192,0,0,1,304,0.365131578947368,0.631578947368421
Glassport Dist 2,409,80,102,0,0,0,182,0.43956043956044,0.56043956043956
Glassport Dist 3,561,113,124,2,1,1,241,0.468879668049793,0.514522821576763
Glassport Dist 4,260,49,81,1,0,0,131,0.374045801526718,0.618320610687023
Glassport Dist 5,475,82,169,1,1,0,253,0.324110671936759,0.66798418972332
Glassport Dist 6,438,90,144,1,0,0,235,0.382978723404255,0.612765957446809
Glenfield,148,43,58,1,1,1,104,0.413461538461538,0.557692307692308
Green Tree Dist 1,788,247,269,2,1,3,522,0.473180076628353,0.515325670498084
Green Tree Dist 2,1066,323,335,1,2,3,664,0.48644578313253,0.504518072289157
Green Tree Dist 3,1100,322,299,2,5,1,629,0.511923688394277,0.475357710651828
Green Tree Dist 4,896,241,247,3,2,2,495,0.486868686868687,0.498989898989899
Hampton Dist 1,1218,272,387,2,2,6,669,0.406576980568012,0.57847533632287
Hampton Dist 2,1302,274,455,5,0,3,737,0.371777476255088,0.617367706919946
Hampton Dist 3,1370,291,395,8,4,3,701,0.415121255349501,0.563480741797432
Hampton Dist 4,649,160,241,3,2,0,406,0.394088669950739,0.593596059113301
Hampton Dist 5,707,190,202,1,1,2,396,0.47979797979798,0.51010101010101
Hampton Dist 6,644,150,184,0,2,0,336,0.446428571428571,0.547619047619048
Hampton Dist 7,1444,322,434,1,5,5,767,0.419817470664928,0.565840938722295
Hampton Dist 8,975,244,287,1,3,5,540,0.451851851851852,0.531481481481481
Hampton Dist 9,1493,350,539,2,6,4,901,0.388457269700333,0.598224195338513
Hampton Dist 10,1604,334,475,3,6,6,824,0.405339805825243,0.576456310679612
Hampton Dist 11,1708,425,563,2,4,11,1005,0.422885572139304,0.560199004975124
Hampton Dist 12,898,248,278,3,4,2,535,0.463551401869159,0.519626168224299
Hampton Dist 13,766,194,237,0,1,2,434,0.447004608294931,0.546082949308756
Harmar Dist 1,1269,231,344,0,2,1,578,0.399653979238754,0.595155709342561
Harmar Dist 2,670,116,232,0,0,0,348,0.333333333333333,0.666666666666667
Harmar Dist 3,360,69,147,0,2,0,218,0.31651376146789,0.674311926605505
Harrison Ward 1 Dist 1,293,71,127,0,0,2,200,0.355,0.635
Harrison Ward 1 Dist 2,603,134,208,0,3,1,346,0.38728323699422,0.601156069364162
Harrison Ward 1 Dist 3,727,159,297,1,6,0,463,0.34341252699784,0.6414686825054
Harrison Ward 2 Dist 1,362,81,137,1,2,1,222,0.364864864864865,0.617117117117117
Harrison Ward 2 Dist 2,577,118,179,0,2,1,300,0.393333333333333,0.596666666666667
Harrison Ward 3 Dist 1,1078,211,420,1,2,5,639,0.330203442879499,0.657276995305164
Harrison Ward 3 Dist 2,649,154,264,6,1,4,429,0.358974358974359,0.615384615384615
Harrison Ward 4 Dist 1,710,138,320,0,3,1,462,0.298701298701299,0.692640692640693
Harrison Ward 4 Dist 2,616,111,247,1,4,1,364,0.304945054945055,0.678571428571429
Harrison Ward 5 Dist 1,521,113,105,4,1,3,226,0.5,0.464601769911504
Harrison Ward 5 Dist 2,829,175,339,2,6,4,526,0.332699619771863,0.644486692015209
Haysville,60,17,23,0,2,0,42,0.404761904761905,0.547619047619048
Heidelberg,917,274,288,2,2,3,569,0.481546572934974,0.506151142355009
Homestead Ward 1 Dist 1,571,155,67,3,0,1,226,0.685840707964602,0.29646017699115
Homestead Ward 1 Dist 2,345,137,14,0,0,0,151,0.907284768211921,0.0927152317880795
Homestead Ward 2 Dist 1,470,167,33,1,0,2,203,0.822660098522168,0.16256157635468
Homestead Ward 2 Dist 2,278,120,19,0,1,1,141,0.851063829787234,0.134751773049645
Homestead Ward 3 Dist 1,439,160,32,1,2,2,197,0.812182741116751,0.16243654822335
Homestead Ward 3 Dist 2,261,108,10,0,0,0,118,0.915254237288136,0.0847457627118644
Indiana Dist 1,970,233,336,3,6,4,582,0.400343642611684,0.577319587628866
Indiana Dist 2,871,194,313,0,1,1,509,0.381139489194499,0.614931237721022
Indiana Dist 3,1598,318,575,3,6,4,906,0.350993377483444,0.634657836644592
Indiana Dist 4,1199,298,337,4,7,3,649,0.459167950693374,0.519260400616333
Indiana Dist 5,1000,245,308,0,1,3,557,0.439856373429084,0.552962298025135
Ingram Dist 1,844,268,222,5,5,4,504,0.531746031746032,0.44047619047619
Ingram Dist 2,626,193,167,0,6,1,367,0.525885558583106,0.455040871934605
Ingram Dist 3,921,296,270,3,1,1,571,0.518388791593695,0.472854640980736
Jefferson Hl Dist 1,1199,249,452,4,2,2,709,0.351198871650212,0.637517630465444
Jefferson Hl Dist 2,934,146,436,0,2,2,586,0.249146757679181,0.744027303754266
Jefferson Hl Dist 3,1160,204,388,3,4,1,600,0.34,0.646666666666667
Jefferson Hl Dist 4,968,163,345,2,4,3,517,0.315280464216634,0.667311411992263
Jefferson Hl Dist 5,1191,217,418,0,4,8,647,0.335394126738794,0.646058732612056
Jefferson Hl Dist 6,820,100,460,4,2,2,568,0.176056338028169,0.809859154929578
Jefferson Hl Dist 7,673,101,300,1,1,1,404,0.25,0.742574257425743
Jefferson Hl Dist 8,1077,230,397,1,3,4,635,0.362204724409449,0.625196850393701
Jefferson Hl Dist 9,1101,207,399,2,0,3,611,0.338788870703764,0.653027823240589
Kennedy Dist 1,1500,325,553,6,4,9,897,0.36231884057971,0.616499442586399
Kennedy Dist 2,988,213,291,0,1,4,509,0.418467583497053,0.571709233791749
Kennedy Dist 3,988,215,361,4,2,6,588,0.365646258503401,0.613945578231293
Kennedy Dist 4,455,119,140,1,0,1,261,0.455938697318008,0.53639846743295
Kennedy Dist 5,1439,358,524,2,3,11,898,0.398663697104677,0.583518930957684
Kennedy Dist 6,949,209,306,3,1,2,521,0.401151631477927,0.587332053742802
Kennedy Dist 7,564,135,213,1,2,1,352,0.383522727272727,0.605113636363636
Kilbuck,608,164,191,0,2,2,359,0.456824512534819,0.532033426183844
Leet Dist 1,423,134,141,2,1,1,279,0.480286738351254,0.505376344086022
Leet Dist 2,796,206,222,0,2,0,430,0.479069767441861,0.516279069767442
Leetsdale,841,243,242,2,2,2,491,0.494908350305499,0.492871690427699
Liberty Dist 1,889,179,409,0,0,2,590,0.303389830508475,0.693220338983051
Liberty Dist 2,783,169,363,4,2,1,539,0.313543599257885,0.673469387755102
Lincoln,662,91,366,0,2,0,459,0.198257080610022,0.797385620915033
Marshall Dist 1,971,189,252,18,3,3,465,0.406451612903226,0.541935483870968
Marshall Dist 2,1306,252,386,10,6,5,659,0.382397572078907,0.585735963581184
Marshall Dist 3,837,149,208,2,5,4,368,0.404891304347826,0.565217391304348
Marshall Dist 4,1211,256,341,4,3,1,605,0.423140495867769,0.563636363636364
Marshall Dist 5,983,210,252,12,3,1,478,0.439330543933054,0.527196652719665
Marshall Dist 6,990,206,265,1,2,3,477,0.431865828092243,0.555555555555556
Marshall Dist 7,1321,217,357,5,3,3,585,0.370940170940171,0.61025641025641
McCandless Ward 1 Dist 1,1165,235,321,3,4,3,566,0.415194346289753,0.567137809187279
McCandless Ward 1 Dist 2,775,178,180,2,1,0,361,0.493074792243767,0.498614958448754
McCandless Ward 1 Dist 3,1316,249,327,4,5,2,587,0.424190800681431,0.557069846678024
McCandless Ward 2 Dist 1,1404,331,323,1,3,5,663,0.499245852187029,0.487179487179487
McCandless Ward 2 Dist 2,877,189,287,1,1,3,481,0.392931392931393,0.596673596673597
McCandless Ward 2 Dist 3,901,195,281,4,3,1,484,0.402892561983471,0.580578512396694
McCandless Ward 3 Dist 1,951,250,273,0,2,2,527,0.47438330170778,0.518026565464896
McCandless Ward 3 Dist 2,1067,254,337,2,7,0,600,0.423333333333333,0.561666666666667
McCandless Ward 3 Dist 3,1110,249,339,0,3,5,596,0.417785234899329,0.568791946308725
McCandless Ward 4 Dist 1,1483,355,421,2,5,9,792,0.448232323232323,0.531565656565657
McCandless Ward 4 Dist 2,977,237,311,2,5,3,558,0.424731182795699,0.557347670250896
McCandless Ward 4 Dist 3,776,188,236,0,3,5,432,0.435185185185185,0.546296296296296
McCandless Ward 5 Dist 1,896,224,298,4,3,3,532,0.421052631578947,0.56015037593985
McCandless Ward 5 Dist 2,1484,367,396,4,2,5,774,0.474160206718346,0.511627906976744
McCandless Ward 5 Dist 3,1086,258,241,3,4,1,507,0.508875739644971,0.47534516765286
McCandless Ward 6 Dist 1,475,83,149,2,1,1,236,0.351694915254237,0.63135593220339
McCandless Ward 6 Dist 2,1044,226,311,2,9,2,550,0.410909090909091,0.565454545454545
McCandless Ward 6 Dist 3,1885,396,455,0,9,5,865,0.457803468208093,0.526011560693642
McCandless Ward 7 Dist 1,1625,330,406,2,4,6,748,0.441176470588235,0.542780748663102
McCandless Ward 7 Dist 2,1044,232,281,0,3,6,522,0.444444444444444,0.538314176245211
McCandless Ward 7 Dist 3,535,132,143,0,3,3,281,0.469750889679715,0.508896797153025
McDonald,240,32,119,1,1,0,153,0.209150326797386,0.777777777777778
McKeesport Ward 1,13,5,0,0,0,0,5,1,0
McKeesport Ward 2,217,33,16,1,0,0,50,0.66,0.32
McKeesport Ward 3 Dist 1,299,91,10,1,0,0,102,0.892156862745098,0.0980392156862745
McKeesport Ward 3 Dist 2,105,36,2,0,0,0,38,0.947368421052632,0.0526315789473684
McKeesport Ward 4,317,69,11,1,0,0,81,0.851851851851852,0.135802469135802
McKeesport Ward 5,480,121,23,1,0,0,145,0.83448275862069,0.158620689655172
McKeesport Ward 6 Dist 1,327,71,30,1,0,0,102,0.696078431372549,0.294117647058824
McKeesport Ward 6 Dist 2,287,81,28,1,0,0,110,0.736363636363636,0.254545454545455
McKeesport Ward 7 Dist 1,462,159,27,0,1,1,188,0.845744680851064,0.143617021276596
McKeesport Ward 7 Dist 2,270,98,7,1,1,0,107,0.91588785046729,0.0654205607476635
McKeesport Ward 7 Dist 3,311,103,38,0,0,0,141,0.730496453900709,0.269503546099291
McKeesport Ward 7 Dist 4,403,109,37,2,1,0,149,0.731543624161074,0.248322147651007
McKeesport Ward 7 Dist 5,535,153,68,0,3,2,226,0.676991150442478,0.300884955752212
McKeesport Ward 7 Dist 6,425,141,51,0,0,1,193,0.730569948186529,0.264248704663212
McKeesport Ward 7 Dist 7,327,102,20,0,0,0,122,0.836065573770492,0.163934426229508
McKeesport Ward 8 Dist 1,267,48,83,1,0,1,133,0.360902255639098,0.62406015037594
McKeesport Ward 8 Dist 2,531,139,96,0,4,0,239,0.581589958158996,0.401673640167364
McKeesport Ward 8 Dist 3,498,160,46,0,0,2,208,0.769230769230769,0.221153846153846
McKeesport Ward 8 Dist 4,462,114,109,1,1,0,225,0.506666666666667,0.484444444444444
McKeesport Ward 8 Dist 5,511,112,19,1,1,0,133,0.842105263157895,0.142857142857143
McKeesport Ward 8 Dist 6,202,40,55,1,0,1,97,0.412371134020619,0.567010309278351
McKeesport Ward 9 Dist 1,475,119,110,1,0,2,232,0.512931034482759,0.474137931034483
McKeesport Ward 9 Dist 2,572,180,119,0,2,0,301,0.598006644518273,0.395348837209302
McKeesport Ward 9 Dist 3,387,96,72,1,0,0,169,0.568047337278107,0.42603550295858
McKeesport Ward 10 Dist 1,277,61,55,1,0,1,118,0.516949152542373,0.466101694915254
McKeesport Ward 10 Dist 2,312,65,77,0,3,0,145,0.448275862068966,0.531034482758621
McKeesport Ward 11 Dist 1,428,113,109,0,0,0,222,0.509009009009009,0.490990990990991
McKeesport Ward 11 Dist 2,377,86,117,0,2,0,205,0.419512195121951,0.570731707317073
McKeesport Ward 11 Dist 3,264,70,42,0,0,2,114,0.614035087719298,0.368421052631579
McKeesport Ward 12 Dist 1,334,55,112,3,1,1,172,0.319767441860465,0.651162790697675
McKeesport Ward 12 Dist 2,370,84,129,1,0,0,214,0.392523364485981,0.602803738317757
McKeesport Ward 12 Dist 3,556,132,202,1,1,2,338,0.390532544378698,0.597633136094675
McKees Rocks Ward 1 Dist 1,179,20,2,0,0,0,22,0.909090909090909,0.0909090909090909
McKees Rocks Ward 1 Dist 2,523,138,47,6,0,1,192,0.71875,0.244791666666667
McKees Rocks Ward 2 Dist 1,659,155,90,0,1,0,246,0.630081300813008,0.365853658536585
McKees Rocks Ward 2 Dist 2,591,157,82,3,0,1,243,0.646090534979424,0.337448559670782
McKees Rocks Ward 3 Dist 1,762,183,154,0,1,1,339,0.539823008849558,0.454277286135693
McKees Rocks Ward 3 Dist 2,534,110,77,0,0,0,187,0.588235294117647,0.411764705882353
McKees Rocks Ward 3 Dist 3,511,144,64,2,3,1,214,0.672897196261682,0.299065420560748
Millvale Dist 1,510,164,92,3,0,1,260,0.630769230769231,0.353846153846154
Millvale Dist 2,463,126,146,7,0,1,280,0.45,0.521428571428572
Millvale Dist 3,453,143,86,3,0,2,234,0.611111111111111,0.367521367521368
Millvale Dist 4,452,136,113,0,3,0,252,0.53968253968254,0.448412698412698
Millvale Dist 5,521,163,118,2,1,3,287,0.56794425087108,0.411149825783972
Monroeville Ward 1 Dist 1,703,175,225,1,2,0,403,0.43424317617866,0.558312655086849
Monroeville Ward 1 Dist 2,636,148,223,0,2,1,374,0.39572192513369,0.596256684491979
Monroeville Ward 1 Dist 3,802,236,186,5,3,4,434,0.543778801843318,0.428571428571429
Monroeville Ward 1 Dist 4,918,237,149,1,4,1,392,0.604591836734694,0.380102040816327
Monroeville Ward 2 Dist 1,956,286,259,8,2,5,560,0.510714285714286,0.4625
Monroeville Ward 2 Dist 2,979,285,230,7,6,1,529,0.53875236294896,0.434782608695652
Monroeville Ward 2 Dist 3,1094,282,289,0,2,1,574,0.491289198606272,0.503484320557491
Monroeville Ward 3 Dist 1,1192,219,327,3,5,3,557,0.393177737881508,0.587073608617594
Monroeville Ward 3 Dist 2,650,161,225,1,1,0,388,0.414948453608247,0.579896907216495
Monroeville Ward 3 Dist 3,989,257,281,7,1,2,548,0.468978102189781,0.512773722627737
Monroeville Ward 3 Dist 4,448,123,125,2,3,1,254,0.484251968503937,0.492125984251969
Monroeville Ward 4 Dist 1,676,176,203,3,3,5,390,0.451282051282051,0.520512820512821
Monroeville Ward 4 Dist 2,1058,283,281,2,1,5,572,0.494755244755245,0.491258741258741
Monroeville Ward 4 Dist 3,1006,279,324,6,3,3,615,0.453658536585366,0.526829268292683
Monroeville Ward 5 Dist 1,613,146,216,1,5,2,370,0.394594594594595,0.583783783783784
Monroeville Ward 5 Dist 2,891,207,125,9,3,0,344,0.601744186046512,0.363372093023256
Monroeville Ward 5 Dist 3,1005,227,218,7,4,3,459,0.494553376906318,0.474945533769063
Monroeville Ward 5 Dist 4,653,183,116,0,0,0,299,0.612040133779264,0.387959866220736
Monroeville Ward 6 Dist 1,835,215,245,3,2,4,469,0.458422174840085,0.522388059701493
Monroeville Ward 6 Dist 2,879,220,199,0,2,2,423,0.520094562647754,0.470449172576832
Monroeville Ward 6 Dist 3,1087,284,185,3,3,0,475,0.597894736842105,0.389473684210526
Monroeville Ward 6 Dist 4,377,88,44,0,0,0,132,0.666666666666667,0.333333333333333
Monroeville Ward 7 Dist 1,1561,455,336,5,8,5,809,0.562422744128554,0.415327564894932
Monroeville Ward 7 Dist 2,840,294,168,2,1,1,466,0.630901287553648,0.360515021459228
Monroeville Ward 7 Dist 3,705,186,177,0,3,3,369,0.504065040650407,0.479674796747968
Moon Dist 1,892,155,222,4,2,3,386,0.401554404145078,0.575129533678757
Moon Dist 2,1045,233,321,0,4,3,561,0.415329768270945,0.572192513368984
Moon Dist 3,1173,268,313,1,6,3,591,0.453468697123519,0.529610829103215
Moon Dist 4,1206,233,411,3,3,1,651,0.357910906298003,0.631336405529954
Moon Dist 5,1664,314,563,7,7,2,893,0.351623740201568,0.630459126539754
Moon Dist 6,1748,345,555,4,2,5,911,0.378704720087816,0.609220636663008
Moon Dist 7,1239,247,338,6,3,3,597,0.413735343383585,0.566164154103853
Moon Dist 8,1314,266,439,3,3,2,713,0.373071528751753,0.615708274894811
Moon Dist 9,1130,196,357,0,2,2,557,0.351885098743268,0.640933572710952
Moon Dist 10,1232,253,396,1,1,1,652,0.388036809815951,0.607361963190184
Moon Dist 11,1179,176,412,2,2,1,593,0.296795952782462,0.694772344013491
Moon Dist 12,1117,291,351,2,2,1,647,0.449768160741886,0.542503863987635
Moon Dist 13,1303,276,407,3,5,1,692,0.398843930635838,0.588150289017341
Moon Dist 14,810,135,195,1,0,1,332,0.406626506024096,0.587349397590361
Moon Dist 15,1058,266,310,1,3,3,583,0.456260720411664,0.531732418524871
Moon Dist 16,1193,265,381,4,2,3,655,0.404580152671756,0.581679389312977
Mt Lebanon Ward 1 Dist 1,847,241,142,1,3,6,393,0.61323155216285,0.361323155216285
Mt Lebanon Ward 1 Dist 2,634,256,98,1,2,3,360,0.711111111111111,0.272222222222222
Mt Lebanon Ward 1 Dist 3,643,259,102,2,2,4,369,0.70189701897019,0.276422764227642
Mt Lebanon Ward 1 Dist 4,782,268,138,0,1,1,408,0.656862745098039,0.338235294117647
Mt Lebanon Ward 1 Dist 5,617,219,115,4,3,1,342,0.640350877192982,0.336257309941521
Mt Lebanon Ward 1 Dist 6,1061,325,154,2,5,4,490,0.663265306122449,0.314285714285714
Mt Lebanon Ward 1 Dist 7,774,271,126,4,3,1,405,0.669135802469136,0.311111111111111
Mt Lebanon Ward 2 Dist 1,998,333,159,2,4,3,501,0.664670658682635,0.317365269461078
Mt Lebanon Ward 2 Dist 2,645,215,109,0,1,2,327,0.657492354740061,0.333333333333333
Mt Lebanon Ward 2 Dist 3,697,246,83,0,1,2,332,0.740963855421687,0.25
Mt Lebanon Ward 2 Dist 4,559,177,96,3,2,0,278,0.636690647482014,0.345323741007194
Mt Lebanon Ward 2 Dist 5,594,199,122,3,1,0,325,0.612307692307692,0.375384615384615
Mt Lebanon Ward 2 Dist 6,600,201,154,3,2,2,362,0.55524861878453,0.425414364640884
Mt Lebanon Ward 2 Dist 7,671,243,141,3,1,3,391,0.621483375959079,0.360613810741688
Mt Lebanon Ward 2 Dist 8,957,209,143,3,0,4,359,0.582172701949861,0.398328690807799
Mt Lebanon Ward 3 Dist 1,686,216,113,1,1,6,337,0.640949554896143,0.335311572700297
Mt Lebanon Ward 3 Dist 2,911,357,191,7,2,2,559,0.638640429338104,0.341681574239714
Mt Lebanon Ward 3 Dist 3,702,219,146,2,1,3,371,0.590296495956873,0.393530997304582
Mt Lebanon Ward 3 Dist 4,719,212,140,2,0,4,358,0.592178770949721,0.391061452513966
Mt Lebanon Ward 3 Dist 5,745,267,137,0,3,1,408,0.654411764705882,0.33578431372549
Mt Lebanon Ward 3 Dist 6,471,170,99,0,1,0,270,0.62962962962963,0.366666666666667
Mt Lebanon Ward 3 Dist 7,886,226,174,5,3,2,410,0.551219512195122,0.424390243902439
Mt Lebanon Ward 3 Dist 8,322,103,87,0,0,1,191,0.539267015706806,0.455497382198953
Mt Lebanon Ward 4 Dist 1,800,266,138,3,0,3,410,0.648780487804878,0.336585365853659
Mt Lebanon Ward 4 Dist 2,912,324,186,1,0,5,516,0.627906976744186,0.36046511627907
Mt Lebanon Ward 4 Dist 3,668,237,114,0,0,3,354,0.669491525423729,0.322033898305085
Mt Lebanon Ward 4 Dist 4,678,232,148,1,2,2,385,0.602597402597403,0.384415584415584
Mt Lebanon Ward 4 Dist 5,646,258,139,0,1,2,400,0.645,0.3475
Mt Lebanon Ward 4 Dist 6,702,266,142,1,5,1,415,0.640963855421687,0.342168674698795
Mt Lebanon Ward 4 Dist 7,938,284,143,2,1,0,430,0.66046511627907,0.332558139534884
Mt Lebanon Ward 5 Dist 1,600,182,134,0,0,0,316,0.575949367088608,0.424050632911392
Mt Lebanon Ward 5 Dist 2,449,110,79,0,3,0,192,0.572916666666667,0.411458333333333
Mt Lebanon Ward 5 Dist 3,606,196,108,4,1,1,310,0.632258064516129,0.348387096774194
Mt Lebanon Ward 5 Dist 4,635,230,126,1,2,3,362,0.6353591160221,0.348066298342541
Mt Lebanon Ward 5 Dist 5,642,227,108,1,2,3,341,0.665689149560117,0.316715542521994
Mt Lebanon Ward 5 Dist 6,473,179,82,1,0,4,266,0.672932330827068,0.308270676691729
Mt Lebanon Ward 5 Dist 7,842,276,147,2,4,3,432,0.638888888888889,0.340277777777778
Mt Lebanon Ward 5 Dist 8,955,305,142,2,2,5,456,0.668859649122807,0.31140350877193
Mt Oliver Dist 1,722,181,77,0,1,0,259,0.698841698841699,0.297297297297297
Mt Oliver Dist 2,782,214,91,4,2,0,311,0.688102893890675,0.292604501607717
Mt Oliver Dist 3,522,173,76,0,0,0,249,0.694779116465863,0.305220883534137
Mt Oliver Dist 4,307,79,63,0,0,2,144,0.548611111111111,0.4375
Munhall Dist 1,472,98,101,2,0,0,201,0.487562189054726,0.502487562189055
Munhall Dist 2,520,159,61,3,1,1,225,0.706666666666667,0.271111111111111
Munhall Dist 3,523,207,54,2,0,0,263,0.787072243346008,0.20532319391635
Munhall Dist 4,414,138,46,0,0,0,184,0.75,0.25
Munhall Dist 5,759,232,196,4,3,0,435,0.533333333333333,0.450574712643678
Munhall Dist 6,724,209,226,0,0,2,437,0.478260869565217,0.517162471395881
Munhall Dist 7,1131,301,300,2,2,1,606,0.496699669966997,0.495049504950495
Munhall Dist 8,669,206,223,0,4,0,433,0.475750577367206,0.515011547344111
Munhall Dist 9,724,202,178,1,2,3,386,0.523316062176166,0.461139896373057
Munhall Dist 10,514,136,161,0,2,1,300,0.453333333333333,0.536666666666667
Munhall Dist 11,953,282,295,2,4,2,585,0.482051282051282,0.504273504273504
Munhall Dist 12,554,158,209,0,3,1,371,0.425876010781671,0.563342318059299
Neville Ward 1,263,59,94,1,1,0,155,0.380645161290323,0.606451612903226
Neville Ward 2,210,53,55,0,0,0,108,0.490740740740741,0.509259259259259
Neville Ward 3,261,77,83,1,0,0,161,0.478260869565217,0.515527950310559
N Braddock Ward 1 Dist 1,232,58,39,1,0,0,98,0.591836734693878,0.397959183673469
N Braddock Ward 1 Dist 2,479,156,93,2,0,0,251,0.621513944223108,0.370517928286853
N Braddock Ward 1 Dist 3,471,150,66,1,0,1,218,0.688073394495413,0.302752293577982
N Braddock Ward 2 Dist 1,444,134,49,2,0,0,185,0.724324324324324,0.264864864864865
N Braddock Ward 2 Dist 2,548,164,71,0,0,0,235,0.697872340425532,0.302127659574468
N Braddock Ward 3 Dist 1,419,144,9,2,0,0,155,0.929032258064516,0.0580645161290323
N Braddock Ward 3 Dist 2,471,146,22,1,0,2,171,0.853801169590643,0.128654970760234
N Fayette Dist 1,2253,320,831,3,3,4,1161,0.275624461670973,0.715762273901809
N Fayette Dist 2,2567,438,707,11,10,3,1169,0.374679213002566,0.604790419161677
N Fayette Dist 3,2448,411,745,4,7,4,1171,0.350982066609735,0.636208368915457
N Fayette Dist 4,1242,146,421,4,1,2,574,0.254355400696864,0.733449477351916
N Fayette Dist 5,3294,543,1097,2,6,9,1657,0.327700663850332,0.662039831019916
N Versailles Ward 1 Dist 1,677,156,206,3,1,1,367,0.425068119891008,0.561307901907357
N Versailles Ward 1 Dist 2,646,180,232,0,3,0,415,0.433734939759036,0.559036144578313
N Versailles Ward 2 Dist 1,668,168,209,1,2,0,380,0.442105263157895,0.55
N Versailles Ward 2 Dist 2,206,47,44,0,0,1,92,0.510869565217391,0.478260869565217
N Versailles Ward 3 Dist 1,518,120,159,1,0,1,281,0.427046263345196,0.565836298932384
N Versailles Ward 3 Dist 2,617,108,176,2,2,1,289,0.373702422145329,0.608996539792388
N Versailles Ward 4 Dist 1,511,128,157,0,3,1,289,0.442906574394464,0.543252595155709
N Versailles Ward 4 Dist 2,418,108,131,0,1,0,240,0.45,0.545833333333333
N Versailles Ward 5 Dist 1,520,116,110,0,3,3,232,0.5,0.474137931034483
N Versailles Ward 5 Dist 2,370,71,74,0,0,0,145,0.489655172413793,0.510344827586207
N Versailles Ward 6 Dist 1,647,136,244,0,3,1,384,0.354166666666667,0.635416666666667
N Versailles Ward 6 Dist 2,549,111,204,0,0,2,317,0.350157728706625,0.643533123028391
N Versailles Ward 7,623,226,72,3,0,0,301,0.750830564784053,0.239202657807309
Oakdale Dist 1,615,183,222,2,2,0,409,0.447432762836186,0.54278728606357
Oakdale Dist 2,447,89,174,0,0,1,264,0.337121212121212,0.659090909090909
Oakmont Dist 1,869,284,218,1,2,5,510,0.556862745098039,0.427450980392157
Oakmont Dist 2,1079,266,258,1,1,3,529,0.502835538752363,0.487712665406427
Oakmont Dist 3,763,239,210,5,2,2,458,0.521834061135371,0.458515283842795
Oakmont Dist 4,874,276,222,4,7,6,515,0.535922330097087,0.431067961165049
Oakmont Dist 5,666,223,181,0,4,3,411,0.542579075425791,0.440389294403893
Oakmont Dist 6,1312,326,323,3,2,0,654,0.498470948012232,0.49388379204893
O'Hara Ward 1 Dist 1,861,187,153,2,1,4,347,0.538904899135447,0.440922190201729
O'Hara Ward 1 Dist 2,651,189,167,2,2,0,360,0.525,0.463888888888889
O'Hara Ward 2 Dist 1,630,220,143,0,3,3,369,0.596205962059621,0.387533875338753
O'Hara Ward 2 Dist 2,940,238,218,2,0,4,462,0.515151515151515,0.471861471861472
O'Hara Ward 3 Dist 1,868,280,200,2,2,0,484,0.578512396694215,0.413223140495868
O'Hara Ward 3 Dist 2,553,141,204,1,1,1,348,0.405172413793103,0.586206896551724
O'Hara Ward 4 Dist 1,844,217,152,3,3,5,380,0.571052631578947,0.4
O'Hara Ward 4 Dist 2,620,212,97,1,1,4,315,0.673015873015873,0.307936507936508
O'Hara Ward 5 Dist 1,772,192,187,5,1,3,388,0.494845360824742,0.481958762886598
O'Hara Ward 5 Dist 2,919,284,162,6,4,3,459,0.618736383442266,0.352941176470588
Ohio Dist 1,1704,387,530,1,6,6,930,0.416129032258065,0.56989247311828
Ohio Dist 2,1840,371,544,4,6,1,926,0.400647948164147,0.587473002159827
Ohio Dist 3,2162,552,549,7,3,11,1122,0.491978609625669,0.489304812834225
Glen Osborne,478,155,116,1,5,4,281,0.551601423487545,0.412811387900356
Penn Hills Ward 1 Dist 1,707,245,30,3,0,1,279,0.878136200716846,0.10752688172043
Penn Hills Ward 1 Dist 2,736,276,34,0,3,0,313,0.881789137380192,0.108626198083067
Penn Hills Ward 1 Dist 3,479,175,11,2,0,3,191,0.916230366492147,0.0575916230366492
Penn Hills Ward 1 Dist 4,338,108,17,1,1,0,127,0.850393700787402,0.133858267716535
Penn Hills Ward 1 Dist 5,192,73,1,1,0,0,75,0.973333333333333,0.0133333333333333
Penn Hills Ward 2 Dist 1,695,232,44,0,2,4,282,0.822695035460993,0.156028368794326
Penn Hills Ward 2 Dist 2,768,277,34,3,1,3,318,0.871069182389937,0.106918238993711
Penn Hills Ward 2 Dist 3,898,355,68,1,0,1,425,0.835294117647059,0.16
Penn Hills Ward 2 Dist 4,591,236,48,7,0,7,298,0.791946308724832,0.161073825503356
Penn Hills Ward 3 Dist 1,768,220,124,1,3,3,351,0.626780626780627,0.353276353276353
Penn Hills Ward 3 Dist 2,499,202,51,4,1,3,261,0.773946360153257,0.195402298850575
Penn Hills Ward 3 Dist 3,634,204,50,0,0,2,256,0.796875,0.1953125
Penn Hills Ward 3 Dist 4,824,248,89,3,1,1,342,0.725146198830409,0.260233918128655
Penn Hills Ward 3 Dist 5,448,159,37,1,2,0,199,0.798994974874372,0.185929648241206
Penn Hills Ward 3 Dist 6,470,151,81,0,1,0,233,0.648068669527897,0.347639484978541
Penn Hills Ward 4 Dist 1,565,209,65,1,2,0,277,0.754512635379061,0.234657039711191
Penn Hills Ward 4 Dist 2,721,250,95,6,4,4,359,0.696378830083566,0.264623955431755
Penn Hills Ward 4 Dist 3,751,223,134,4,0,1,362,0.616022099447514,0.370165745856354
Penn Hills Ward 4 Dist 4,638,207,80,1,0,2,290,0.713793103448276,0.275862068965517
Penn Hills Ward 4 Dist 5,640,202,97,0,2,1,302,0.66887417218543,0.321192052980132
Penn Hills Ward 5 Dist 1,703,225,96,1,3,1,326,0.690184049079755,0.294478527607362
Penn Hills Ward 5 Dist 2,614,193,89,2,0,2,286,0.674825174825175,0.311188811188811
Penn Hills Ward 5 Dist 3,684,222,128,3,1,1,355,0.625352112676056,0.36056338028169
Penn Hills Ward 5 Dist 4,613,169,120,0,5,0,294,0.574829931972789,0.408163265306122
Penn Hills Ward 5 Dist 5,542,196,87,2,1,1,287,0.682926829268293,0.303135888501742
Penn Hills Ward 5 Dist 6,739,216,135,3,3,1,358,0.603351955307263,0.377094972067039
Penn Hills Ward 6 Dist 1,562,161,128,0,5,4,298,0.540268456375839,0.429530201342282
Penn Hills Ward 6 Dist 2,670,262,89,0,2,1,354,0.740112994350282,0.251412429378531
Penn Hills Ward 6 Dist 3,521,202,71,1,2,1,277,0.729241877256318,0.256317689530686
Penn Hills Ward 6 Dist 4,579,207,52,1,1,1,262,0.790076335877863,0.198473282442748
Penn Hills Ward 6 Dist 5,608,212,66,3,0,1,282,0.75177304964539,0.234042553191489
Penn Hills Ward 6 Dist 6,549,177,91,4,2,2,276,0.641304347826087,0.329710144927536
Penn Hills Ward 7 Dist 1,648,261,76,1,0,0,338,0.772189349112426,0.224852071005917
Penn Hills Ward 7 Dist 2,683,132,145,1,2,0,280,0.471428571428571,0.517857142857143
Penn Hills Ward 7 Dist 3,896,291,131,0,2,1,425,0.684705882352941,0.308235294117647
Penn Hills Ward 7 Dist 4,609,136,158,3,2,1,300,0.453333333333333,0.526666666666667
Penn Hills Ward 7 Dist 5,741,245,136,5,2,4,392,0.625,0.346938775510204
Penn Hills Ward 7 Dist 6,715,250,117,0,2,1,370,0.675675675675676,0.316216216216216
Penn Hills Ward 7 Dist 7,722,142,172,3,2,2,321,0.442367601246106,0.53582554517134
Penn Hills Ward 8 Dist 1,637,163,150,0,0,1,314,0.519108280254777,0.477707006369427
Penn Hills Ward 8 Dist 2,579,183,175,1,2,1,362,0.505524861878453,0.483425414364641
Penn Hills Ward 8 Dist 3,546,152,155,0,0,2,309,0.491909385113269,0.501618122977346
Penn Hills Ward 8 Dist 4,613,153,158,2,3,0,316,0.484177215189873,0.5
Penn Hills Ward 8 Dist 5,953,224,209,2,4,1,440,0.509090909090909,0.475
Penn Hills Ward 8 Dist 6,484,118,129,1,2,2,252,0.468253968253968,0.511904761904762
Penn Hills Ward 9 Dist 1,519,166,141,0,2,3,312,0.532051282051282,0.451923076923077
Penn Hills Ward 9 Dist 2,593,149,158,2,2,1,312,0.477564102564103,0.506410256410256
Penn Hills Ward 9 Dist 3,929,255,233,4,3,2,497,0.51307847082495,0.468812877263582
Penn Hills Ward 9 Dist 4,627,169,182,0,1,6,358,0.472067039106145,0.508379888268156
Penn Hills Ward 9 Dist 5,311,98,21,0,0,1,120,0.816666666666667,0.175
Pine Dist 1,1568,268,408,4,1,5,686,0.39067055393586,0.594752186588921
Pine Dist 2,1419,221,391,0,2,1,615,0.359349593495935,0.635772357723577
Pine Dist 3,1406,230,429,5,4,3,671,0.342771982116244,0.639344262295082
Pine Dist 4,1518,349,415,2,6,3,775,0.450322580645161,0.535483870967742
Pine Dist 5,2030,389,519,10,5,2,925,0.420540540540541,0.561081081081081
Pine Dist 6,1075,227,336,2,1,7,573,0.396160558464223,0.586387434554974
Pine Dist 7,1564,330,442,1,8,3,784,0.420918367346939,0.563775510204082
Pine Dist 8,1109,184,339,1,3,3,530,0.347169811320755,0.639622641509434
Pitcairn Dist 1,869,246,179,2,1,1,429,0.573426573426573,0.417249417249417
Pitcairn Dist 2,450,110,81,1,0,1,193,0.569948186528497,0.419689119170984
Pitcairn Dist 3,629,166,209,5,1,3,384,0.432291666666667,0.544270833333333
Pittsburgh Ward 1 Dist 1,3874,689,217,3,3,4,916,0.752183406113537,0.236899563318777
Pittsburgh Ward 1 Dist 2,572,171,35,2,0,1,209,0.818181818181818,0.167464114832536
Pittsburgh Ward 2 Dist 1,2738,597,235,5,6,7,850,0.702352941176471,0.276470588235294
Pittsburgh Ward 2 Dist 2,2221,513,295,1,1,4,814,0.63022113022113,0.362407862407862
Pittsburgh Ward 3 Dist 1,237,95,3,0,0,0,98,0.969387755102041,0.0306122448979592
Pittsburgh Ward 3 Dist 2,607,249,15,1,0,0,265,0.939622641509434,0.0566037735849057
Pittsburgh Ward 3 Dist 3,358,130,2,1,1,0,134,0.970149253731343,0.0149253731343284
Pittsburgh Ward 3 Dist 4,571,163,23,1,0,1,188,0.867021276595745,0.122340425531915
Pittsburgh Ward 3 Dist 5,569,171,18,2,0,0,191,0.895287958115183,0.0942408376963351
Pittsburgh Ward 4 Dist 1,217,49,3,2,0,1,55,0.890909090909091,0.0545454545454545
Pittsburgh Ward 4 Dist 2,787,212,59,4,1,1,277,0.765342960288809,0.212996389891697
Pittsburgh Ward 4 Dist 3,318,101,16,0,0,0,117,0.863247863247863,0.136752136752137
Pittsburgh Ward 4 Dist 4,230,85,8,3,1,0,97,0.876288659793814,0.0824742268041237
Pittsburgh Ward 4 Dist 5,1179,385,99,5,1,1,491,0.784114052953157,0.20162932790224
Pittsburgh Ward 4 Dist 6,698,190,42,1,1,0,234,0.811965811965812,0.17948717948718
Pittsburgh Ward 4 Dist 7,2252,601,110,8,2,1,722,0.832409972299169,0.152354570637119
Pittsburgh Ward 4 Dist 8,2646,787,157,9,1,1,955,0.824083769633508,0.164397905759162
Pittsburgh Ward 4 Dist 9,997,262,48,1,0,1,312,0.83974358974359,0.153846153846154
Pittsburgh Ward 4 Dist 10,620,178,25,2,2,0,207,0.859903381642512,0.120772946859903
Pittsburgh Ward 4 Dist 11,628,178,42,3,0,1,224,0.794642857142857,0.1875
Pittsburgh Ward 4 Dist 12,717,191,37,1,3,2,234,0.816239316239316,0.158119658119658
Pittsburgh Ward 4 Dist 13,810,300,40,1,0,2,343,0.87463556851312,0.116618075801749
Pittsburgh Ward 4 Dist 14,1632,561,99,8,2,2,672,0.834821428571429,0.147321428571429
Pittsburgh Ward 4 Dist 15,1106,348,86,7,1,3,445,0.782022471910112,0.193258426966292
Pittsburgh Ward 4 Dist 16,1649,544,106,3,0,3,656,0.829268292682927,0.161585365853659
Pittsburgh Ward 4 Dist 17,736,262,61,6,1,1,331,0.791540785498489,0.18429003021148
Pittsburgh Ward 4 Dist 18,805,238,53,2,2,3,298,0.798657718120805,0.177852348993289
Pittsburgh Ward 4 Dist 19,351,107,17,1,0,1,126,0.849206349206349,0.134920634920635
Pittsburgh Ward 5 Dist 1,293,118,5,2,0,0,125,0.944,0.04
Pittsburgh Ward 5 Dist 2,364,135,4,0,2,0,141,0.957446808510638,0.0283687943262411
Pittsburgh Ward 5 Dist 3,133,65,2,0,0,0,67,0.970149253731343,0.0298507462686567
Pittsburgh Ward 5 Dist 4,278,91,6,1,0,1,99,0.919191919191919,0.0606060606060606
Pittsburgh Ward 5 Dist 5,176,70,4,0,0,1,75,0.933333333333333,0.0533333333333333
Pittsburgh Ward 5 Dist 6,583,146,9,1,1,0,157,0.929936305732484,0.0573248407643312
Pittsburgh Ward 5 Dist 7,372,157,4,3,0,0,164,0.957317073170732,0.024390243902439
Pittsburgh Ward 5 Dist 8,423,160,16,3,0,0,179,0.893854748603352,0.0893854748603352
Pittsburgh Ward 5 Dist 9,1150,322,60,4,0,2,388,0.829896907216495,0.154639175257732
Pittsburgh Ward 5 Dist 10,457,192,14,1,2,4,213,0.901408450704225,0.0657276995305164
Pittsburgh Ward 5 Dist 11,624,265,38,1,0,1,305,0.868852459016393,0.124590163934426
Pittsburgh Ward 5 Dist 12,333,126,4,2,0,3,135,0.933333333333333,0.0296296296296296
Pittsburgh Ward 5 Dist 13,270,104,8,0,0,1,113,0.920353982300885,0.0707964601769912
Pittsburgh Ward 5 Dist 14,233,78,2,0,0,0,80,0.975,0.025
Pittsburgh Ward 5 Dist 15,279,113,3,1,1,1,119,0.949579831932773,0.0252100840336134
Pittsburgh Ward 5 Dist 16,197,71,4,0,0,0,75,0.946666666666667,0.0533333333333333
Pittsburgh Ward 5 Dist 17,304,115,10,0,0,1,126,0.912698412698413,0.0793650793650794
Pittsburgh Ward 5 Dist 18,74,22,2,0,0,0,24,0.916666666666667,0.0833333333333333
Pittsburgh Ward 6 Dist 1,1742,595,193,4,5,4,801,0.742821473158552,0.240948813982522
Pittsburgh Ward 6 Dist 2,594,199,62,1,2,1,265,0.750943396226415,0.233962264150943
Pittsburgh Ward 6 Dist 3,764,295,72,3,2,0,372,0.793010752688172,0.193548387096774
Pittsburgh Ward 6 Dist 4,546,221,55,2,0,1,279,0.792114695340502,0.197132616487455
Pittsburgh Ward 6 Dist 5,503,195,42,4,2,0,243,0.802469135802469,0.17283950617284
Pittsburgh Ward 7 Dist 1,904,323,83,4,1,3,414,0.780193236714976,0.20048309178744
Pittsburgh Ward 7 Dist 2,1143,345,121,3,1,3,473,0.72938689217759,0.255813953488372
Pittsburgh Ward 7 Dist 3,786,232,25,4,2,2,265,0.875471698113208,0.0943396226415094
Pittsburgh Ward 7 Dist 4,1095,332,60,5,2,4,403,0.823821339950372,0.148883374689826
Pittsburgh Ward 7 Dist 5,864,251,50,0,2,2,305,0.822950819672131,0.163934426229508
Pittsburgh Ward 7 Dist 6,773,262,43,3,1,2,311,0.842443729903537,0.138263665594855
Pittsburgh Ward 7 Dist 7,839,238,54,2,1,2,297,0.801346801346801,0.181818181818182
Pittsburgh Ward 7 Dist 8,832,272,50,1,1,5,329,0.826747720364742,0.151975683890578
Pittsburgh Ward 7 Dist 9,837,289,47,2,1,2,341,0.847507331378299,0.13782991202346
Pittsburgh Ward 7 Dist 10,1121,349,78,2,1,4,434,0.804147465437788,0.179723502304147
Pittsburgh Ward 7 Dist 11,1259,386,71,3,2,0,462,0.835497835497836,0.153679653679654
Pittsburgh Ward 7 Dist 12,1230,332,74,5,0,5,416,0.798076923076923,0.177884615384615
Pittsburgh Ward 7 Dist 13,616,192,27,1,2,2,224,0.857142857142857,0.120535714285714
Pittsburgh Ward 7 Dist 14,521,161,43,9,2,6,221,0.728506787330317,0.194570135746606
Pittsburgh Ward 8 Dist 1,380,134,54,1,2,2,193,0.694300518134715,0.27979274611399
Pittsburgh Ward 8 Dist 2,634,245,84,5,1,2,337,0.727002967359051,0.249258160237389
Pittsburgh Ward 8 Dist 3,858,291,88,7,1,5,392,0.74234693877551,0.224489795918367
Pittsburgh Ward 8 Dist 4,831,245,81,2,0,4,332,0.737951807228916,0.243975903614458
Pittsburgh Ward 8 Dist 5,610,246,62,1,1,4,314,0.78343949044586,0.197452229299363
Pittsburgh Ward 8 Dist 6,435,159,40,1,2,4,206,0.771844660194175,0.194174757281553
Pittsburgh Ward 8 Dist 7,817,314,32,1,0,1,348,0.902298850574713,0.0919540229885058
Pittsburgh Ward 8 Dist 8,638,228,38,3,2,0,271,0.841328413284133,0.140221402214022
Pittsburgh Ward 8 Dist 9,878,290,37,9,2,3,341,0.850439882697947,0.108504398826979
Pittsburgh Ward 8 Dist 10,694,274,40,2,1,3,320,0.85625,0.125
Pittsburgh Ward 8 Dist 11,737,244,53,2,1,2,302,0.80794701986755,0.175496688741722
Pittsburgh Ward 8 Dist 12,629,274,23,4,3,2,306,0.895424836601307,0.0751633986928105
Pittsburgh Ward 8 Dist 13,540,181,16,2,0,1,200,0.905,0.08
Pittsburgh Ward 9 Dist 1,651,219,62,6,1,1,289,0.757785467128028,0.214532871972318
Pittsburgh Ward 9 Dist 2,658,235,83,2,1,2,323,0.727554179566563,0.256965944272446
Pittsburgh Ward 9 Dist 3,699,237,78,1,0,3,319,0.74294670846395,0.244514106583072
Pittsburgh Ward 9 Dist 4,634,218,67,2,2,1,290,0.751724137931034,0.231034482758621
Pittsburgh Ward 9 Dist 5,653,221,71,3,2,3,300,0.736666666666667,0.236666666666667
Pittsburgh Ward 9 Dist 6,565,215,69,4,0,2,290,0.741379310344828,0.237931034482759
Pittsburgh Ward 9 Dist 7,417,135,39,1,0,1,176,0.767045454545455,0.221590909090909
Pittsburgh Ward 9 Dist 8,735,257,108,7,0,3,375,0.685333333333333,0.288
Pittsburgh Ward 9 Dist 9,602,195,50,4,0,1,250,0.78,0.2
Pittsburgh Ward 10 Dist 1,643,242,63,0,1,1,307,0.788273615635179,0.205211726384365
Pittsburgh Ward 10 Dist 2,693,292,67,1,1,5,366,0.797814207650273,0.183060109289618
Pittsburgh Ward 10 Dist 3,697,292,75,2,2,2,373,0.7828418230563,0.201072386058981
Pittsburgh Ward 10 Dist 4,537,239,75,2,0,2,318,0.751572327044025,0.235849056603774
Pittsburgh Ward 10 Dist 5,490,218,61,3,2,3,287,0.759581881533101,0.212543554006969
Pittsburgh Ward 10 Dist 6,493,166,99,5,2,1,273,0.608058608058608,0.362637362637363
Pittsburgh Ward 10 Dist 7,608,235,92,4,2,3,336,0.699404761904762,0.273809523809524
Pittsburgh Ward 10 Dist 8,593,232,94,1,3,1,331,0.700906344410876,0.283987915407855
Pittsburgh Ward 10 Dist 9,538,224,92,2,3,1,322,0.695652173913044,0.285714285714286
Pittsburgh Ward 10 Dist 10,609,251,95,1,3,0,350,0.717142857142857,0.271428571428571
Pittsburgh Ward 10 Dist 11,597,247,80,4,2,1,334,0.739520958083832,0.239520958083832
Pittsburgh Ward 10 Dist 12,487,213,14,2,0,0,229,0.930131004366812,0.0611353711790393
Pittsburgh Ward 10 Dist 13,531,228,41,2,3,0,274,0.832116788321168,0.14963503649635
Pittsburgh Ward 10 Dist 14,556,261,37,2,0,1,301,0.867109634551495,0.122923588039867
Pittsburgh Ward 10 Dist 15,355,104,9,0,0,1,114,0.912280701754386,0.0789473684210526
Pittsburgh Ward 10 Dist 16,316,142,11,0,0,0,153,0.928104575163399,0.0718954248366013
Pittsburgh Ward 10 Dist 17,486,196,22,1,2,1,222,0.882882882882883,0.0990990990990991
Pittsburgh Ward 10 Dist 18,528,185,24,7,0,0,216,0.856481481481482,0.111111111111111
Pittsburgh Ward 10 Dist 19,441,187,18,0,2,1,208,0.899038461538462,0.0865384615384615
Pittsburgh Ward 11 Dist 1,624,257,34,1,2,2,296,0.868243243243243,0.114864864864865
Pittsburgh Ward 11 Dist 2,524,194,20,3,0,1,218,0.889908256880734,0.0917431192660551
Pittsburgh Ward 11 Dist 3,418,139,13,0,0,0,152,0.914473684210526,0.0855263157894737
Pittsburgh Ward 11 Dist 4,536,196,14,8,0,0,218,0.89908256880734,0.0642201834862385
Pittsburgh Ward 11 Dist 5,557,236,16,4,1,1,258,0.914728682170543,0.062015503875969
Pittsburgh Ward 11 Dist 6,834,321,45,5,1,5,377,0.851458885941645,0.119363395225464
Pittsburgh Ward 11 Dist 7,679,263,46,2,1,1,313,0.840255591054313,0.146964856230032
Pittsburgh Ward 11 Dist 8,566,206,39,3,1,4,253,0.814229249011858,0.154150197628459
Pittsburgh Ward 11 Dist 9,644,283,22,1,0,1,307,0.921824104234528,0.0716612377850163
Pittsburgh Ward 11 Dist 10,595,257,45,0,2,0,304,0.845394736842105,0.148026315789474
Pittsburgh Ward 11 Dist 11,642,260,31,4,0,2,297,0.875420875420875,0.104377104377104
Pittsburgh Ward 11 Dist 12,681,269,55,2,0,4,330,0.815151515151515,0.166666666666667
Pittsburgh Ward 11 Dist 13,682,303,41,7,2,0,353,0.858356940509915,0.11614730878187
Pittsburgh Ward 11 Dist 14,605,238,19,3,1,3,264,0.901515151515152,0.071969696969697
Pittsburgh Ward 11 Dist 15,409,133,11,0,0,0,144,0.923611111111111,0.0763888888888889
Pittsburgh Ward 11 Dist 16,606,201,33,0,2,1,237,0.848101265822785,0.139240506329114
Pittsburgh Ward 11 Dist 17,688,274,13,1,2,2,292,0.938356164383562,0.0445205479452055
Pittsburgh Ward 11 Dist 18,643,222,13,2,0,1,238,0.932773109243698,0.0546218487394958
Pittsburgh Ward 12 Dist 1,245,56,9,0,0,0,65,0.861538461538462,0.138461538461538
Pittsburgh Ward 12 Dist 2,303,105,16,1,1,0,123,0.853658536585366,0.130081300813008
Pittsburgh Ward 12 Dist 3,184,51,6,0,0,0,57,0.894736842105263,0.105263157894737
Pittsburgh Ward 12 Dist 4,318,112,10,0,0,1,123,0.910569105691057,0.0813008130081301
Pittsburgh Ward 12 Dist 5,169,61,5,0,0,2,68,0.897058823529412,0.0735294117647059
Pittsburgh Ward 12 Dist 6,195,52,5,0,0,1,58,0.896551724137931,0.0862068965517241
Pittsburgh Ward 12 Dist 7,300,97,7,1,0,0,105,0.923809523809524,0.0666666666666667
Pittsburgh Ward 12 Dist 8,190,77,4,0,0,1,82,0.939024390243902,0.0487804878048781
Pittsburgh Ward 12 Dist 9,286,64,7,1,0,0,72,0.888888888888889,0.0972222222222222
Pittsburgh Ward 12 Dist 10,400,165,4,1,2,1,173,0.953757225433526,0.023121387283237
Pittsburgh Ward 12 Dist 11,426,141,3,4,0,1,149,0.946308724832215,0.0201342281879195
Pittsburgh Ward 12 Dist 12,716,205,18,1,1,0,225,0.911111111111111,0.08
Pittsburgh Ward 12 Dist 13,358,139,12,0,1,0,152,0.914473684210526,0.0789473684210526
Pittsburgh Ward 12 Dist 14,267,102,5,2,0,0,109,0.935779816513762,0.0458715596330275
Pittsburgh Ward 12 Dist 15,520,217,10,1,0,2,230,0.943478260869565,0.0434782608695652
Pittsburgh Ward 12 Dist 16,279,92,7,1,0,0,100,0.92,0.07
Pittsburgh Ward 13 Dist 1,372,147,3,2,0,0,152,0.967105263157895,0.0197368421052632
Pittsburgh Ward 13 Dist 2,338,125,10,0,0,1,136,0.919117647058824,0.0735294117647059
Pittsburgh Ward 13 Dist 3,272,101,3,0,0,0,104,0.971153846153846,0.0288461538461538
Pittsburgh Ward 13 Dist 4,277,74,5,0,2,0,81,0.91358024691358,0.0617283950617284
Pittsburgh Ward 13 Dist 5,297,88,12,0,0,0,100,0.88,0.12
Pittsburgh Ward 13 Dist 6,304,125,6,0,1,0,132,0.946969696969697,0.0454545454545455
Pittsburgh Ward 13 Dist 7,333,103,4,0,0,0,107,0.962616822429907,0.0373831775700935
Pittsburgh Ward 13 Dist 8,294,83,1,0,0,2,86,0.965116279069768,0.0116279069767442
Pittsburgh Ward 13 Dist 9,267,100,7,1,0,1,109,0.917431192660551,0.0642201834862385
Pittsburgh Ward 13 Dist 10,190,67,7,0,0,1,75,0.893333333333333,0.0933333333333333
Pittsburgh Ward 13 Dist 11,380,109,6,1,0,0,116,0.939655172413793,0.0517241379310345
Pittsburgh Ward 13 Dist 12,363,136,7,3,0,1,147,0.925170068027211,0.0476190476190476
Pittsburgh Ward 13 Dist 13,284,96,7,0,2,0,105,0.914285714285714,0.0666666666666667
Pittsburgh Ward 13 Dist 14,227,70,7,0,1,0,78,0.897435897435898,0.0897435897435897
Pittsburgh Ward 13 Dist 15,257,107,5,0,0,1,113,0.946902654867257,0.0442477876106195
Pittsburgh Ward 13 Dist 16,272,108,7,0,1,0,116,0.931034482758621,0.0603448275862069
Pittsburgh Ward 13 Dist 17,816,247,19,1,1,0,268,0.921641791044776,0.0708955223880597
Pittsburgh Ward 13 Dist 18,277,86,8,1,0,0,95,0.905263157894737,0.0842105263157895
Pittsburgh Ward 13 Dist 19,477,192,9,0,0,0,201,0.955223880597015,0.0447761194029851
Pittsburgh Ward 14 Dist 1,968,267,49,4,0,0,320,0.834375,0.153125
Pittsburgh Ward 14 Dist 2,1598,575,102,3,2,3,685,0.839416058394161,0.148905109489051
Pittsburgh Ward 14 Dist 3,1057,365,68,1,1,1,436,0.837155963302752,0.155963302752294
Pittsburgh Ward 14 Dist 4,819,246,38,2,0,3,289,0.85121107266436,0.131487889273356
Pittsburgh Ward 14 Dist 5,855,283,61,2,1,4,351,0.806267806267806,0.173789173789174
Pittsburgh Ward 14 Dist 6,614,258,58,2,1,0,319,0.808777429467085,0.181818181818182
Pittsburgh Ward 14 Dist 7,3338,796,119,10,2,5,932,0.854077253218884,0.127682403433476
Pittsburgh Ward 14 Dist 8,955,305,71,3,3,0,382,0.798429319371728,0.18586387434555
Pittsburgh Ward 14 Dist 9,762,266,68,0,0,2,336,0.791666666666667,0.202380952380952
Pittsburgh Ward 14 Dist 10,738,286,43,2,0,2,333,0.858858858858859,0.129129129129129
Pittsburgh Ward 14 Dist 11,813,327,59,3,1,4,394,0.82994923857868,0.149746192893401
Pittsburgh Ward 14 Dist 12,841,306,30,7,0,1,344,0.88953488372093,0.0872093023255814
Pittsburgh Ward 14 Dist 13,737,312,20,5,2,2,341,0.914956011730205,0.0586510263929619
Pittsburgh Ward 14 Dist 14,856,280,50,4,0,2,336,0.833333333333333,0.148809523809524
Pittsburgh Ward 14 Dist 15,742,294,32,2,0,3,331,0.88821752265861,0.0966767371601209
Pittsburgh Ward 14 Dist 16,484,190,35,2,3,4,234,0.811965811965812,0.14957264957265
Pittsburgh Ward 14 Dist 17,481,220,36,1,0,2,259,0.849420849420849,0.138996138996139
Pittsburgh Ward 14 Dist 18,742,314,44,5,3,2,368,0.853260869565217,0.119565217391304
Pittsburgh Ward 14 Dist 19,619,285,31,2,1,1,320,0.890625,0.096875
Pittsburgh Ward 14 Dist 20,626,206,41,2,1,0,250,0.824,0.164
Pittsburgh Ward 14 Dist 21,608,244,31,3,1,0,279,0.874551971326165,0.111111111111111
Pittsburgh Ward 14 Dist 22,747,310,28,3,0,6,347,0.893371757925072,0.0806916426512968
Pittsburgh Ward 14 Dist 23,740,217,56,0,0,2,275,0.789090909090909,0.203636363636364
Pittsburgh Ward 14 Dist 24,547,173,35,5,1,2,216,0.800925925925926,0.162037037037037
Pittsburgh Ward 14 Dist 25,967,303,90,1,2,4,400,0.7575,0.225
Pittsburgh Ward 14 Dist 26,611,189,58,1,0,2,250,0.756,0.232
Pittsburgh Ward 14 Dist 27,543,243,77,3,0,4,327,0.743119266055046,0.235474006116208
Pittsburgh Ward 14 Dist 28,574,218,104,0,0,4,326,0.668711656441718,0.319018404907975
Pittsburgh Ward 14 Dist 29,809,269,71,7,3,3,353,0.762039660056657,0.201133144475921
Pittsburgh Ward 14 Dist 30,660,248,59,4,2,3,316,0.784810126582278,0.186708860759494
Pittsburgh Ward 14 Dist 31,1224,394,123,6,1,1,525,0.750476190476191,0.234285714285714
Pittsburgh Ward 14 Dist 32,815,266,53,5,4,1,329,0.808510638297872,0.161094224924012
Pittsburgh Ward 14 Dist 33,893,216,94,5,3,5,323,0.668730650154799,0.291021671826625
Pittsburgh Ward 14 Dist 34,949,233,82,4,2,2,323,0.721362229102167,0.253869969040248
Pittsburgh Ward 14 Dist 35,662,179,45,1,2,0,227,0.788546255506608,0.198237885462555
Pittsburgh Ward 14 Dist 36,817,213,42,6,2,5,268,0.794776119402985,0.156716417910448
Pittsburgh Ward 14 Dist 37,689,154,63,1,0,0,218,0.706422018348624,0.288990825688073
Pittsburgh Ward 14 Dist 38,621,186,32,1,2,2,223,0.834080717488789,0.143497757847534
Pittsburgh Ward 14 Dist 39,662,195,37,2,2,0,236,0.826271186440678,0.156779661016949
Pittsburgh Ward 14 Dist 40,658,205,40,1,1,1,248,0.826612903225807,0.161290322580645
Pittsburgh Ward 14 Dist 41,74,23,14,1,0,0,38,0.605263157894737,0.368421052631579
Pittsburgh Ward 15 Dist 1,603,137,58,5,0,0,200,0.685,0.29
Pittsburgh Ward 15 Dist 2,733,247,82,3,4,5,341,0.724340175953079,0.240469208211144
Pittsburgh Ward 15 Dist 3,640,201,83,2,6,1,293,0.686006825938567,0.283276450511945
Pittsburgh Ward 15 Dist 4,643,217,63,2,1,2,285,0.76140350877193,0.221052631578947
Pittsburgh Ward 15 Dist 5,533,188,72,1,0,1,262,0.717557251908397,0.274809160305344
Pittsburgh Ward 15 Dist 6,530,219,75,5,0,0,299,0.732441471571906,0.250836120401338
Pittsburgh Ward 15 Dist 7,681,243,119,3,1,2,368,0.660326086956522,0.323369565217391
Pittsburgh Ward 15 Dist 8,617,218,95,3,2,2,320,0.68125,0.296875
Pittsburgh Ward 15 Dist 9,165,67,18,4,0,1,90,0.744444444444445,0.2
Pittsburgh Ward 15 Dist 10,606,202,101,8,1,1,313,0.645367412140575,0.322683706070288
Pittsburgh Ward 15 Dist 11,532,159,129,3,0,3,294,0.540816326530612,0.438775510204082
Pittsburgh Ward 15 Dist 12,468,142,63,2,1,1,209,0.679425837320574,0.301435406698565
Pittsburgh Ward 15 Dist 13,464,146,25,2,0,1,174,0.839080459770115,0.14367816091954
Pittsburgh Ward 15 Dist 14,286,75,19,1,0,0,95,0.789473684210526,0.2
Pittsburgh Ward 15 Dist 15,329,89,45,0,0,2,136,0.654411764705882,0.330882352941176
Pittsburgh Ward 15 Dist 16,493,162,44,0,2,0,208,0.778846153846154,0.211538461538462
Pittsburgh Ward 15 Dist 17,21,5,2,0,0,0,7,0.714285714285714,0.285714285714286
Pittsburgh Ward 15 Dist 18,546,153,44,7,0,0,204,0.75,0.215686274509804
Pittsburgh Ward 15 Dist 19,475,120,5,1,2,0,128,0.9375,0.0390625
Pittsburgh Ward 16 Dist 1,1049,303,76,2,2,0,383,0.7911227154047,0.198433420365535
Pittsburgh Ward 16 Dist 2,1342,422,110,3,2,4,541,0.78003696857671,0.203327171903882
Pittsburgh Ward 16 Dist 3,1161,355,151,6,4,4,520,0.682692307692308,0.290384615384615
Pittsburgh Ward 16 Dist 4,435,130,69,0,2,1,202,0.643564356435644,0.341584158415842
Pittsburgh Ward 16 Dist 5,678,185,94,1,1,1,282,0.656028368794326,0.333333333333333
Pittsburgh Ward 16 Dist 6,504,163,80,0,0,1,244,0.668032786885246,0.327868852459016
Pittsburgh Ward 16 Dist 7,452,113,64,2,0,0,179,0.631284916201117,0.357541899441341
Pittsburgh Ward 16 Dist 8,187,43,6,0,0,0,49,0.877551020408163,0.122448979591837
Pittsburgh Ward 16 Dist 9,470,150,61,2,0,2,215,0.697674418604651,0.283720930232558
Pittsburgh Ward 16 Dist 10,354,90,76,4,0,0,170,0.529411764705882,0.447058823529412
Pittsburgh Ward 16 Dist 11,405,128,54,1,0,0,183,0.699453551912568,0.295081967213115
Pittsburgh Ward 17 Dist 1,446,95,53,1,0,2,151,0.629139072847682,0.350993377483444
Pittsburgh Ward 17 Dist 2,881,288,82,4,1,6,381,0.755905511811024,0.215223097112861
Pittsburgh Ward 17 Dist 3,654,214,69,1,2,1,287,0.745644599303136,0.240418118466899
Pittsburgh Ward 17 Dist 4,851,248,104,0,1,2,355,0.698591549295775,0.292957746478873
Pittsburgh Ward 17 Dist 5,656,213,70,0,4,2,289,0.737024221453287,0.242214532871972
Pittsburgh Ward 17 Dist 6,467,110,69,3,1,1,184,0.597826086956522,0.375
Pittsburgh Ward 17 Dist 7,397,113,58,1,2,0,174,0.649425287356322,0.333333333333333
Pittsburgh Ward 17 Dist 8,471,147,44,2,2,2,197,0.746192893401015,0.223350253807107
Pittsburgh Ward 18 Dist 1,546,160,154,2,0,0,316,0.506329113924051,0.487341772151899
Pittsburgh Ward 18 Dist 2,364,130,7,0,0,0,137,0.948905109489051,0.0510948905109489
Pittsburgh Ward 18 Dist 3,342,139,8,1,0,0,148,0.939189189189189,0.0540540540540541
Pittsburgh Ward 18 Dist 4,430,158,23,2,0,1,184,0.858695652173913,0.125
Pittsburgh Ward 18 Dist 5,936,261,150,2,1,2,416,0.627403846153846,0.360576923076923
Pittsburgh Ward 18 Dist 6,371,135,25,0,0,1,161,0.838509316770186,0.15527950310559
Pittsburgh Ward 18 Dist 7,446,138,68,1,2,3,212,0.650943396226415,0.320754716981132
Pittsburgh Ward 18 Dist 8,289,91,11,0,0,0,102,0.892156862745098,0.107843137254902
Pittsburgh Ward 18 Dist 9,704,214,83,3,3,1,304,0.703947368421053,0.273026315789474
Pittsburgh Ward 18 Dist 10,66,10,10,0,1,0,21,0.476190476190476,0.476190476190476
Pittsburgh Ward 18 Dist 11,533,134,55,0,5,1,195,0.687179487179487,0.282051282051282
Pittsburgh Ward 19 Dist 1,541,133,133,1,3,2,272,0.488970588235294,0.488970588235294
Pittsburgh Ward 19 Dist 2,730,190,157,2,1,0,350,0.542857142857143,0.448571428571429
Pittsburgh Ward 19 Dist 3,515,160,97,2,3,2,264,0.606060606060606,0.367424242424242
Pittsburgh Ward 19 Dist 4,405,122,74,2,2,1,201,0.606965174129353,0.3681592039801
Pittsburgh Ward 19 Dist 5,416,129,106,2,1,1,239,0.539748953974895,0.443514644351464
Pittsburgh Ward 19 Dist 6,517,144,94,1,0,0,239,0.602510460251046,0.393305439330544
Pittsburgh Ward 19 Dist 7,193,68,34,1,0,1,104,0.653846153846154,0.326923076923077
Pittsburgh Ward 19 Dist 8,610,208,101,0,2,0,311,0.668810289389068,0.32475884244373
Pittsburgh Ward 19 Dist 9,532,161,91,1,1,1,255,0.631372549019608,0.356862745098039
Pittsburgh Ward 19 Dist 10,685,186,116,4,0,1,307,0.605863192182411,0.37785016286645
Pittsburgh Ward 19 Dist 11,449,114,92,1,6,0,213,0.535211267605634,0.431924882629108
Pittsburgh Ward 19 Dist 12,415,101,115,3,1,0,220,0.459090909090909,0.522727272727273
Pittsburgh Ward 19 Dist 13,459,148,85,2,1,2,238,0.621848739495798,0.357142857142857
Pittsburgh Ward 19 Dist 14,557,142,82,2,1,1,228,0.62280701754386,0.359649122807018
Pittsburgh Ward 19 Dist 15,613,199,101,3,0,1,304,0.654605263157895,0.332236842105263
Pittsburgh Ward 19 Dist 16,570,201,70,2,2,2,277,0.725631768953069,0.252707581227437
Pittsburgh Ward 19 Dist 17,542,195,89,1,0,1,286,0.681818181818182,0.311188811188811
Pittsburgh Ward 19 Dist 18,452,194,49,5,3,0,251,0.772908366533865,0.195219123505976
Pittsburgh Ward 19 Dist 19,502,158,96,3,1,1,259,0.61003861003861,0.370656370656371
Pittsburgh Ward 19 Dist 20,523,141,119,3,0,5,268,0.526119402985075,0.444029850746269
Pittsburgh Ward 19 Dist 21,642,208,108,1,4,2,323,0.643962848297214,0.334365325077399
Pittsburgh Ward 19 Dist 22,556,177,95,1,1,0,274,0.645985401459854,0.346715328467153
Pittsburgh Ward 19 Dist 23,613,162,138,1,5,3,309,0.524271844660194,0.446601941747573
Pittsburgh Ward 19 Dist 24,504,176,108,2,3,0,289,0.608996539792388,0.373702422145329
Pittsburgh Ward 19 Dist 25,536,177,95,1,2,0,275,0.643636363636364,0.345454545454545
Pittsburgh Ward 19 Dist 26,460,155,83,2,1,1,242,0.640495867768595,0.34297520661157
Pittsburgh Ward 19 Dist 27,455,123,100,1,2,2,228,0.539473684210526,0.43859649122807
Pittsburgh Ward 19 Dist 28,626,224,106,1,2,2,335,0.668656716417911,0.316417910447761
Pittsburgh Ward 19 Dist 29,492,169,119,2,2,2,294,0.574829931972789,0.404761904761905
Pittsburgh Ward 19 Dist 30,537,158,122,1,0,0,281,0.562277580071174,0.434163701067616
Pittsburgh Ward 19 Dist 31,491,165,141,1,0,0,307,0.537459283387622,0.45928338762215
Pittsburgh Ward 19 Dist 32,533,214,96,3,1,3,317,0.675078864353312,0.302839116719243
Pittsburgh Ward 19 Dist 33,456,136,121,3,2,1,263,0.517110266159696,0.460076045627376
Pittsburgh Ward 19 Dist 34,533,160,97,1,3,1,262,0.610687022900763,0.370229007633588
Pittsburgh Ward 19 Dist 35,506,142,119,0,1,2,264,0.537878787878788,0.450757575757576
Pittsburgh Ward 19 Dist 36,702,196,165,2,0,1,364,0.538461538461538,0.453296703296703
Pittsburgh Ward 19 Dist 37,444,121,121,2,2,2,248,0.487903225806452,0.487903225806452
Pittsburgh Ward 19 Dist 38,586,168,122,2,0,3,295,0.569491525423729,0.413559322033898
Pittsburgh Ward 20 Dist 1,601,139,186,1,3,0,329,0.422492401215805,0.565349544072948
Pittsburgh Ward 20 Dist 2,219,57,59,1,1,0,118,0.483050847457627,0.5
Pittsburgh Ward 20 Dist 3,664,164,171,1,5,1,342,0.47953216374269,0.5
Pittsburgh Ward 20 Dist 4,83,16,12,0,0,0,28,0.571428571428571,0.428571428571429
Pittsburgh Ward 20 Dist 5,544,159,93,3,0,0,255,0.623529411764706,0.364705882352941
Pittsburgh Ward 20 Dist 6,527,137,60,3,0,3,203,0.67487684729064,0.295566502463054
Pittsburgh Ward 20 Dist 7,632,223,62,0,1,0,286,0.77972027972028,0.216783216783217
Pittsburgh Ward 20 Dist 8,738,218,103,5,1,1,328,0.664634146341463,0.314024390243902
Pittsburgh Ward 20 Dist 9,209,45,36,0,0,0,81,0.555555555555556,0.444444444444444
Pittsburgh Ward 20 Dist 10,615,191,63,0,4,0,258,0.74031007751938,0.244186046511628
Pittsburgh Ward 20 Dist 11,661,217,55,0,2,0,274,0.791970802919708,0.200729927007299
Pittsburgh Ward 20 Dist 12,911,276,109,3,1,2,391,0.705882352941177,0.278772378516624
Pittsburgh Ward 20 Dist 13,404,161,39,0,0,1,201,0.800995024875622,0.194029850746269
Pittsburgh Ward 20 Dist 14,849,299,142,2,2,2,447,0.668903803131991,0.317673378076063
Pittsburgh Ward 20 Dist 15,867,230,136,6,2,1,375,0.613333333333333,0.362666666666667
Pittsburgh Ward 20 Dist 16,600,130,176,2,2,1,311,0.418006430868167,0.565916398713826
Pittsburgh Ward 20 Dist 17,418,104,127,0,0,0,231,0.45021645021645,0.54978354978355
Pittsburgh Ward 20 Dist 18,490,128,153,2,0,0,283,0.452296819787986,0.540636042402827
Pittsburgh Ward 21 Dist 1,520,168,27,0,1,1,197,0.852791878172589,0.137055837563452
Pittsburgh Ward 21 Dist 2,472,214,25,1,2,1,243,0.880658436213992,0.102880658436214
Pittsburgh Ward 21 Dist 3,608,246,20,1,1,1,269,0.914498141263941,0.0743494423791822
Pittsburgh Ward 21 Dist 4,579,229,30,1,1,0,261,0.877394636015326,0.114942528735632
Pittsburgh Ward 22 Dist 1,790,303,69,2,1,4,379,0.799472295514512,0.182058047493404
Pittsburgh Ward 22 Dist 2,671,251,31,5,3,1,291,0.862542955326461,0.106529209621993
Pittsburgh Ward 22 Dist 3,751,248,49,3,0,0,300,0.826666666666667,0.163333333333333
Pittsburgh Ward 22 Dist 4,1007,260,67,3,2,0,332,0.783132530120482,0.201807228915663
Pittsburgh Ward 23 Dist 1,1363,351,130,1,1,4,487,0.720739219712526,0.26694045174538
Pittsburgh Ward 23 Dist 2,792,242,62,3,1,2,310,0.780645161290323,0.2
Pittsburgh Ward 23 Dist 3,351,109,42,1,0,0,152,0.717105263157895,0.276315789473684
Pittsburgh Ward 24 Dist 1,377,82,62,1,1,1,147,0.557823129251701,0.421768707482993
Pittsburgh Ward 24 Dist 2,418,105,83,1,1,2,192,0.546875,0.432291666666667
Pittsburgh Ward 24 Dist 3,320,100,53,3,0,0,156,0.641025641025641,0.33974358974359
Pittsburgh Ward 24 Dist 4,569,192,84,1,2,2,281,0.683274021352313,0.298932384341637
Pittsburgh Ward 24 Dist 5,491,133,76,3,0,0,212,0.627358490566038,0.358490566037736
Pittsburgh Ward 24 Dist 6,553,174,83,2,2,2,263,0.661596958174905,0.315589353612167
Pittsburgh Ward 25 Dist 1,430,159,13,2,0,1,175,0.908571428571429,0.0742857142857143
Pittsburgh Ward 25 Dist 2,456,171,26,2,3,0,202,0.846534653465347,0.128712871287129
Pittsburgh Ward 25 Dist 3,610,246,29,0,0,1,276,0.891304347826087,0.105072463768116
Pittsburgh Ward 25 Dist 4,301,109,16,1,0,2,128,0.8515625,0.125
Pittsburgh Ward 25 Dist 5,356,141,16,1,0,0,158,0.892405063291139,0.10126582278481
Pittsburgh Ward 25 Dist 6,348,96,15,0,1,3,115,0.834782608695652,0.130434782608696
Pittsburgh Ward 25 Dist 7,408,116,67,1,0,1,185,0.627027027027027,0.362162162162162
Pittsburgh Ward 26 Dist 1,508,169,29,2,0,1,201,0.840796019900498,0.144278606965174
Pittsburgh Ward 26 Dist 2,411,138,14,0,1,0,153,0.901960784313726,0.0915032679738562
Pittsburgh Ward 26 Dist 3,454,161,28,0,0,2,191,0.842931937172775,0.146596858638743
Pittsburgh Ward 26 Dist 4,376,148,25,2,0,1,176,0.840909090909091,0.142045454545455
Pittsburgh Ward 26 Dist 5,512,154,17,2,1,0,174,0.885057471264368,0.0977011494252874
Pittsburgh Ward 26 Dist 6,389,124,7,0,0,0,131,0.946564885496183,0.0534351145038168
Pittsburgh Ward 26 Dist 7,275,93,18,0,0,0,111,0.837837837837838,0.162162162162162
Pittsburgh Ward 26 Dist 8,635,119,49,1,0,0,169,0.70414201183432,0.289940828402367
Pittsburgh Ward 26 Dist 9,361,131,66,1,0,0,198,0.661616161616162,0.333333333333333
Pittsburgh Ward 26 Dist 10,626,221,48,1,0,1,271,0.81549815498155,0.177121771217712
Pittsburgh Ward 26 Dist 11,705,282,60,2,1,0,345,0.817391304347826,0.173913043478261
Pittsburgh Ward 26 Dist 12,476,146,67,3,1,1,218,0.669724770642202,0.307339449541284
Pittsburgh Ward 26 Dist 13,562,181,111,1,2,0,295,0.613559322033898,0.376271186440678
Pittsburgh Ward 26 Dist 14,566,155,180,0,1,2,338,0.458579881656805,0.532544378698225
Pittsburgh Ward 26 Dist 15,510,151,107,2,1,0,261,0.578544061302682,0.409961685823755
Pittsburgh Ward 26 Dist 16,709,283,70,1,0,4,358,0.790502793296089,0.195530726256983
Pittsburgh Ward 26 Dist 17,197,37,57,1,0,0,95,0.389473684210526,0.6
Pittsburgh Ward 27 Dist 1,796,252,147,0,1,1,401,0.628428927680798,0.366583541147132
Pittsburgh Ward 27 Dist 2,670,206,136,2,2,1,347,0.593659942363112,0.39193083573487
Pittsburgh Ward 27 Dist 3,576,206,96,1,2,0,305,0.675409836065574,0.314754098360656
Pittsburgh Ward 27 Dist 4,804,279,118,1,0,4,402,0.694029850746269,0.293532338308458
Pittsburgh Ward 27 Dist 5,706,230,108,1,1,7,347,0.662824207492795,0.311239193083574
Pittsburgh Ward 27 Dist 6,761,238,89,2,1,2,332,0.716867469879518,0.268072289156627
Pittsburgh Ward 27 Dist 7,605,245,97,2,2,0,346,0.708092485549133,0.280346820809249
Pittsburgh Ward 27 Dist 8,574,197,101,2,1,0,301,0.654485049833887,0.335548172757475
Pittsburgh Ward 27 Dist 9,577,174,82,2,1,0,259,0.671814671814672,0.316602316602317
Pittsburgh Ward 27 Dist 10,633,235,60,2,2,1,300,0.783333333333333,0.2
Pittsburgh Ward 27 Dist 11,648,225,74,2,2,1,304,0.740131578947369,0.243421052631579
Pittsburgh Ward 27 Dist 12,569,183,73,2,0,1,259,0.706563706563707,0.281853281853282
Pittsburgh Ward 27 Dist 13,514,175,58,1,0,4,238,0.735294117647059,0.243697478991597
Pittsburgh Ward 28 Dist 1,629,178,160,9,0,4,351,0.507122507122507,0.455840455840456
Pittsburgh Ward 28 Dist 2,516,144,90,1,1,0,236,0.610169491525424,0.38135593220339
Pittsburgh Ward 28 Dist 3,918,266,233,5,3,4,511,0.520547945205479,0.455968688845401
Pittsburgh Ward 28 Dist 4,644,163,184,0,1,3,351,0.464387464387464,0.524216524216524
Pittsburgh Ward 28 Dist 5,664,229,144,1,1,1,376,0.609042553191489,0.382978723404255
Pittsburgh Ward 28 Dist 6,556,147,117,2,0,1,267,0.550561797752809,0.438202247191011
Pittsburgh Ward 28 Dist 7,621,167,73,3,0,0,243,0.687242798353909,0.300411522633745
Pittsburgh Ward 28 Dist 8,899,297,221,1,0,1,520,0.571153846153846,0.425
Pittsburgh Ward 28 Dist 9,608,218,76,1,0,1,296,0.736486486486487,0.256756756756757
Pittsburgh Ward 28 Dist 10,577,178,36,2,0,0,216,0.824074074074074,0.166666666666667
Pittsburgh Ward 28 Dist 11,130,58,9,0,1,0,68,0.852941176470588,0.132352941176471
Pittsburgh Ward 29 Dist 1,620,140,156,0,1,0,297,0.471380471380471,0.525252525252525
Pittsburgh Ward 29 Dist 2,536,164,108,0,1,2,275,0.596363636363636,0.392727272727273
Pittsburgh Ward 29 Dist 3,490,106,108,1,2,0,217,0.488479262672811,0.497695852534562
Pittsburgh Ward 29 Dist 4,518,121,116,4,0,1,242,0.5,0.479338842975207
Pittsburgh Ward 29 Dist 5,539,137,110,1,2,1,251,0.545816733067729,0.438247011952191
Pittsburgh Ward 29 Dist 6,641,164,155,1,0,0,320,0.5125,0.484375
Pittsburgh Ward 29 Dist 7,666,158,129,1,0,2,290,0.544827586206897,0.444827586206897
Pittsburgh Ward 29 Dist 8,581,135,100,2,2,1,240,0.5625,0.416666666666667
Pittsburgh Ward 29 Dist 9,455,125,77,4,0,0,206,0.606796116504854,0.37378640776699
Pittsburgh Ward 29 Dist 10,524,170,125,1,0,1,297,0.572390572390572,0.420875420875421
Pittsburgh Ward 29 Dist 11,657,226,149,2,1,1,379,0.596306068601583,0.393139841688654
Pittsburgh Ward 29 Dist 12,603,154,134,1,2,3,294,0.523809523809524,0.45578231292517
Pittsburgh Ward 30 Dist 1,409,125,25,0,2,0,152,0.822368421052632,0.164473684210526
Pittsburgh Ward 30 Dist 2,375,156,24,0,1,0,181,0.861878453038674,0.132596685082873
Pittsburgh Ward 30 Dist 3,354,82,23,0,0,0,105,0.780952380952381,0.219047619047619
Pittsburgh Ward 30 Dist 4,633,163,50,2,2,1,218,0.747706422018349,0.229357798165138
Pittsburgh Ward 30 Dist 5,653,206,74,1,1,1,283,0.72791519434629,0.261484098939929
Pittsburgh Ward 31 Dist 1,236,52,60,0,0,0,112,0.464285714285714,0.535714285714286
Pittsburgh Ward 31 Dist 2,455,95,179,1,0,0,275,0.345454545454545,0.650909090909091
Pittsburgh Ward 31 Dist 3,528,124,174,1,3,1,303,0.409240924092409,0.574257425742574
Pittsburgh Ward 31 Dist 4,588,147,199,2,2,0,350,0.42,0.568571428571429
Pittsburgh Ward 31 Dist 5,701,148,228,2,1,4,383,0.386422976501305,0.595300261096606
Pittsburgh Ward 31 Dist 6,554,100,215,2,1,0,318,0.314465408805031,0.676100628930818
Pittsburgh Ward 31 Dist 7,142,54,25,1,0,0,80,0.675,0.3125
Pittsburgh Ward 32 Dist 1,494,90,173,1,0,4,268,0.335820895522388,0.645522388059702
Pittsburgh Ward 32 Dist 2,637,150,178,1,3,0,332,0.451807228915663,0.536144578313253
Pittsburgh Ward 32 Dist 3,527,150,135,1,1,0,287,0.522648083623693,0.470383275261324
Pittsburgh Ward 32 Dist 4,335,104,64,0,0,1,169,0.615384615384615,0.378698224852071
Pittsburgh Ward 32 Dist 5,552,173,128,1,1,3,306,0.565359477124183,0.418300653594771
Pittsburgh Ward 32 Dist 6,600,125,206,1,3,1,336,0.37202380952381,0.613095238095238
Pittsburgh Ward 32 Dist 7,561,165,135,2,2,3,307,0.537459283387622,0.439739413680782
Pittsburgh Ward 32 Dist 8,663,181,197,0,1,0,379,0.477572559366755,0.519788918205805
Pleasant Hl Dist 1,740,191,210,3,3,0,407,0.469287469287469,0.515970515970516
Pleasant Hl Dist 2,578,165,178,2,0,9,354,0.466101694915254,0.502824858757062
Pleasant Hl Dist 3,566,145,188,4,0,1,338,0.428994082840237,0.556213017751479
Pleasant Hl Dist 4,545,143,182,0,1,2,328,0.435975609756098,0.554878048780488
Pleasant Hl Dist 5,691,125,190,2,0,0,317,0.394321766561514,0.599369085173502
Pleasant Hl Dist 6,1051,247,379,3,8,3,640,0.3859375,0.5921875
Pleasant Hl Dist 7,560,161,155,2,2,7,327,0.492354740061162,0.474006116207951
Pleasant Hl Dist 8,541,119,203,0,4,2,328,0.362804878048781,0.61890243902439
Pleasant Hl Dist 9,645,155,227,1,1,1,385,0.402597402597403,0.58961038961039
Pleasant Hl Dist 10,522,100,203,1,4,0,308,0.324675324675325,0.659090909090909
Plum Dist 1,1824,361,602,5,5,4,977,0.36949846468782,0.616171954964176
Plum Dist 2,641,124,267,1,1,2,395,0.313924050632911,0.675949367088608
Plum Dist 3,1080,218,283,2,1,1,505,0.431683168316832,0.56039603960396
Plum Dist 4,870,180,328,1,5,5,519,0.346820809248555,0.631984585741811
Plum Dist 5,926,183,340,0,2,0,525,0.348571428571429,0.647619047619048
Plum Dist 6,1294,282,543,3,3,3,834,0.338129496402878,0.651079136690647
Plum Dist 7,1266,272,454,4,5,4,739,0.368064952638701,0.614343707713126
Plum Dist 8,633,122,250,1,0,2,375,0.325333333333333,0.666666666666667
Plum Dist 9,1144,232,408,1,4,1,646,0.359133126934985,0.631578947368421
Plum Dist 10,598,126,225,1,4,1,357,0.352941176470588,0.630252100840336
Plum Dist 11,821,204,304,1,0,2,511,0.399217221135029,0.594911937377691
Plum Dist 12,1180,271,402,1,0,3,677,0.400295420974889,0.593796159527327
Plum Dist 13,582,130,219,0,0,0,349,0.372492836676218,0.627507163323782
Plum Dist 14,773,164,256,6,1,1,428,0.383177570093458,0.598130841121495
Plum Dist 15,840,208,232,5,3,3,451,0.46119733924612,0.514412416851441
Plum Dist 16,612,134,217,0,2,0,353,0.379603399433428,0.614730878186969
Plum Dist 17,701,170,249,1,0,6,426,0.39906103286385,0.584507042253521
Plum Dist 18,849,189,327,2,1,2,521,0.362763915547025,0.62763915547025
Plum Dist 19,2159,412,811,8,5,5,1241,0.331990330378727,0.653505237711523
Plum Dist 20,1018,199,366,2,4,3,574,0.346689895470383,0.637630662020906
Plum Dist 21,446,53,199,0,3,2,257,0.206225680933852,0.77431906614786
Port Vue Dist 1,608,127,230,2,0,1,360,0.352777777777778,0.638888888888889
Port Vue Dist 2,509,112,207,1,0,0,320,0.35,0.646875
Port Vue Dist 3,524,118,223,1,1,3,346,0.341040462427746,0.644508670520231
Port Vue Dist 4,710,164,269,2,2,1,438,0.374429223744292,0.614155251141553
Rankin Ward 1,314,107,15,3,2,1,128,0.8359375,0.1171875
Rankin Ward 2,393,156,25,0,0,4,185,0.843243243243243,0.135135135135135
Rankin Ward 3,399,103,16,0,0,0,119,0.865546218487395,0.134453781512605
Reserve Ward 1,537,204,148,2,2,2,358,0.569832402234637,0.41340782122905
Reserve Ward 2,554,164,196,2,0,4,366,0.448087431693989,0.53551912568306
Reserve Ward 3,538,159,169,4,6,0,338,0.470414201183432,0.5
Reserve Ward 4,824,174,283,4,2,2,465,0.374193548387097,0.608602150537634
Richland Dist 1,1256,274,429,1,3,1,708,0.387005649717514,0.605932203389831
Richland Dist 2,1250,241,455,6,4,3,709,0.339915373765867,0.641748942172073
Richland Dist 3,1190,270,394,1,2,1,668,0.404191616766467,0.589820359281437
Richland Dist 4,1155,251,425,5,3,3,687,0.365356622998544,0.61863173216885
Richland Dist 5,1047,199,355,3,0,8,565,0.352212389380531,0.628318584070796
Richland Dist 6,1165,227,441,1,1,5,675,0.336296296296296,0.653333333333333
Richland Dist 7,1206,280,503,6,5,4,798,0.350877192982456,0.630325814536341
Richland Dist 8,1080,183,346,1,3,0,533,0.343339587242026,0.649155722326454
Robinson Dist 1,1698,279,479,4,9,3,774,0.36046511627907,0.618863049095607
Robinson Dist 2,1289,280,415,3,3,1,702,0.398860398860399,0.591168091168091
Robinson Dist 3,708,149,262,0,0,3,414,0.359903381642512,0.632850241545894
Robinson Dist 4,1025,216,314,2,7,3,542,0.398523985239852,0.579335793357934
Robinson Dist 5,626,111,234,1,2,2,350,0.317142857142857,0.668571428571429
Robinson Dist 6,922,204,263,0,2,2,471,0.43312101910828,0.558386411889597
Robinson Dist 7,1428,284,535,2,5,5,831,0.341756919374248,0.643802647412756
Robinson Dist 8,1820,340,528,3,4,5,880,0.386363636363636,0.6
Robinson Dist 9,2532,441,696,5,4,2,1148,0.384146341463415,0.606271777003484
Ross Ward 1 Dist 1,752,200,245,2,2,0,449,0.44543429844098,0.5456570155902
Ross Ward 1 Dist 2,628,156,160,1,0,0,317,0.49211356466877,0.504731861198738
Ross Ward 1 Dist 3,485,116,150,1,2,2,271,0.428044280442804,0.553505535055351
Ross Ward 1 Dist 4,870,280,238,2,2,0,522,0.53639846743295,0.455938697318008
Ross Ward 2 Dist 1,1300,293,347,2,5,2,649,0.451463790446841,0.534668721109399
Ross Ward 2 Dist 2,927,255,313,3,2,0,573,0.445026178010471,0.546247818499127
Ross Ward 2 Dist 3,685,190,185,1,1,2,379,0.50131926121372,0.488126649076517
Ross Ward 3 Dist 1,681,198,197,1,2,5,403,0.491315136476427,0.488833746898263
Ross Ward 3 Dist 2,702,191,207,0,2,1,401,0.476309226932668,0.516209476309227
Ross Ward 3 Dist 3,596,145,211,4,2,1,363,0.399449035812672,0.581267217630854
Ross Ward 3 Dist 4,683,193,216,2,7,1,419,0.460620525059666,0.515513126491647
Ross Ward 4 Dist 1,830,229,264,2,6,6,507,0.451676528599606,0.520710059171598
Ross Ward 4 Dist 2,1089,319,314,2,6,4,645,0.494573643410853,0.486821705426357
Ross Ward 4 Dist 3,736,161,246,1,2,1,411,0.391727493917275,0.598540145985402
Ross Ward 4 Dist 4,793,185,242,1,3,3,434,0.426267281105991,0.557603686635945
Ross Ward 5 Dist 1,624,164,203,2,3,5,377,0.43501326259947,0.538461538461538
Ross Ward 5 Dist 2,435,112,150,2,3,1,268,0.417910447761194,0.559701492537313
Ross Ward 5 Dist 3,797,140,213,1,3,4,361,0.387811634349031,0.590027700831025
Ross Ward 5 Dist 4,754,185,240,4,5,3,437,0.423340961098398,0.549199084668192
Ross Ward 6 Dist 1,494,164,133,1,1,0,299,0.548494983277592,0.444816053511706
Ross Ward 6 Dist 2,1008,273,238,4,4,3,522,0.522988505747126,0.455938697318008
Ross Ward 6 Dist 3,693,224,182,2,4,2,414,0.541062801932367,0.439613526570048
Ross Ward 6 Dist 4,601,172,193,3,1,0,369,0.466124661246612,0.523035230352304
Ross Ward 7 Dist 1,599,137,206,3,2,1,349,0.392550143266476,0.590257879656161
Ross Ward 7 Dist 2,640,162,153,0,1,2,318,0.509433962264151,0.481132075471698
Ross Ward 7 Dist 3,750,183,233,3,0,2,421,0.434679334916865,0.553444180522565
Ross Ward 7 Dist 4,613,158,200,1,1,5,365,0.432876712328767,0.547945205479452
Ross Ward 8 Dist 1,1701,370,411,5,3,2,791,0.467762326169406,0.519595448798989
Ross Ward 8 Dist 2,508,134,128,0,3,1,266,0.503759398496241,0.481203007518797
Ross Ward 8 Dist 3,600,149,187,5,1,2,344,0.433139534883721,0.543604651162791
Ross Ward 9 Dist 1,803,211,280,0,2,1,494,0.427125506072875,0.566801619433198
Ross Ward 9 Dist 2,975,247,280,2,6,2,537,0.459962756052142,0.521415270018622
Ross Ward 9 Dist 3,791,184,252,0,3,5,444,0.414414414414414,0.567567567567568
Rosslyn Farms,415,136,126,0,3,4,269,0.505576208178439,0.468401486988848
Scott Ward 1 Dist 1,587,143,177,0,4,0,324,0.441358024691358,0.546296296296296
Scott Ward 1 Dist 2,671,168,212,4,3,3,390,0.430769230769231,0.543589743589744
Scott Ward 2 Dist 1,447,112,98,0,1,0,211,0.530805687203792,0.464454976303318
Scott Ward 2 Dist 2,654,186,250,1,1,1,439,0.42369020501139,0.569476082004556
Scott Ward 3 Dist 1,543,141,187,0,3,1,332,0.424698795180723,0.563253012048193
Scott Ward 3 Dist 2,697,148,228,1,4,2,383,0.386422976501305,0.595300261096606
Scott Ward 4 Dist 1,753,234,202,2,2,5,445,0.525842696629214,0.453932584269663
Scott Ward 4 Dist 2,605,167,177,2,1,1,348,0.479885057471264,0.508620689655172
Scott Ward 5 Dist 1,611,169,214,1,1,1,386,0.437823834196891,0.55440414507772
Scott Ward 5 Dist 2,719,182,176,2,1,2,363,0.50137741046832,0.484848484848485
Scott Ward 6 Dist 1,645,185,162,5,1,1,354,0.522598870056497,0.457627118644068
Scott Ward 6 Dist 2,836,221,239,3,0,2,465,0.475268817204301,0.513978494623656
Scott Ward 7 Dist 1,914,219,192,2,2,2,417,0.525179856115108,0.460431654676259
Scott Ward 7 Dist 2,660,172,192,4,3,2,373,0.46112600536193,0.514745308310992
Scott Ward 8 Dist 1,525,135,173,1,3,2,314,0.429936305732484,0.550955414012739
Scott Ward 8 Dist 2,1057,204,240,0,1,2,447,0.456375838926175,0.536912751677852
Scott Ward 9 Dist 1,347,86,66,3,1,1,157,0.547770700636943,0.420382165605096
Scott Ward 9 Dist 2,367,116,80,3,0,0,199,0.582914572864322,0.402010050251256
Sewickley Ward 1,972,301,202,3,7,10,523,0.575525812619503,0.38623326959847
Sewickley Ward 2 Dist 1,533,121,113,0,0,3,237,0.510548523206751,0.476793248945148
Sewickley Ward 2 Dist 2,595,151,148,1,1,1,302,0.5,0.490066225165563
Sewickley Ward 3,1061,318,232,3,1,4,558,0.56989247311828,0.415770609318996
Sewickley Hts,790,169,239,1,3,3,415,0.407228915662651,0.575903614457831
Sewickley Hills,578,161,179,2,1,1,344,0.468023255813954,0.520348837209302
Shaler Ward 1 Dist 1,532,144,189,1,2,1,337,0.427299703264095,0.560830860534125
Shaler Ward 1 Dist 2,532,142,186,0,0,2,330,0.43030303030303,0.563636363636364
Shaler Ward 1 Dist 3,575,126,219,1,2,2,350,0.36,0.625714285714286
Shaler Ward 1 Dist 4,614,179,204,1,0,0,384,0.466145833333333,0.53125
Shaler Ward 1 Dist 5,639,202,168,3,4,2,379,0.532981530343008,0.443271767810026
Shaler Ward 2 Dist 1,1049,242,391,1,0,3,637,0.379905808477237,0.6138147566719
Shaler Ward 2 Dist 2,778,189,278,1,4,1,473,0.399577167019027,0.587737843551797
Shaler Ward 2 Dist 3,619,195,201,0,3,2,401,0.486284289276808,0.501246882793017
Shaler Ward 2 Dist 4,784,242,258,0,5,0,505,0.479207920792079,0.510891089108911
Shaler Ward 2 Dist 5,363,99,119,1,1,2,222,0.445945945945946,0.536036036036036
Shaler Ward 3 Dist 1,603,149,185,0,2,1,337,0.442136498516321,0.548961424332344
Shaler Ward 3 Dist 2,607,166,203,5,1,2,377,0.440318302387268,0.538461538461538
Shaler Ward 3 Dist 3,579,138,223,0,1,1,363,0.380165289256198,0.614325068870523
Shaler Ward 3 Dist 4,719,196,248,2,1,3,450,0.435555555555556,0.551111111111111
Shaler Ward 3 Dist 5,660,135,260,1,3,1,400,0.3375,0.65
Shaler Ward 4 Dist 1,869,233,315,1,6,2,557,0.418312387791741,0.565529622980251
Shaler Ward 4 Dist 2,456,133,142,1,2,0,278,0.47841726618705,0.510791366906475
Shaler Ward 4 Dist 3,631,173,201,1,2,3,380,0.455263157894737,0.528947368421053
Shaler Ward 4 Dist 4,660,150,240,0,2,0,392,0.38265306122449,0.612244897959184
Shaler Ward 4 Dist 5,520,148,168,0,3,1,320,0.4625,0.525
Shaler Ward 5 Dist 1,760,189,266,3,6,4,468,0.403846153846154,0.568376068376068
Shaler Ward 5 Dist 2,665,205,245,3,2,6,461,0.44468546637744,0.531453362255965
Shaler Ward 5 Dist 3,544,137,180,1,4,0,322,0.425465838509317,0.559006211180124
Shaler Ward 5 Dist 4,363,106,130,1,0,2,239,0.443514644351464,0.543933054393305
Shaler Ward 5 Dist 5,776,201,258,0,1,3,463,0.434125269978402,0.557235421166307
Shaler Ward 6 Dist 1,620,159,248,0,0,0,407,0.390663390663391,0.609336609336609
Shaler Ward 6 Dist 2,735,176,275,2,3,3,459,0.383442265795207,0.599128540305011
Shaler Ward 6 Dist 3,582,146,210,4,3,2,365,0.4,0.575342465753425
Shaler Ward 6 Dist 4,335,85,112,0,0,0,197,0.431472081218274,0.568527918781726
Shaler Ward 6 Dist 5,555,167,152,1,1,0,321,0.520249221183801,0.473520249221184
Shaler Ward 7 Dist 1,596,173,175,2,4,2,356,0.485955056179775,0.491573033707865
Shaler Ward 7 Dist 2,782,219,241,3,6,4,473,0.463002114164905,0.509513742071882
Shaler Ward 7 Dist 3,640,155,209,3,4,2,373,0.415549597855228,0.560321715817694
Shaler Ward 7 Dist 4,1025,240,359,2,1,2,604,0.397350993377483,0.594370860927152
Sharpsburg Dist 1,619,184,126,6,2,2,320,0.575,0.39375
Sharpsburg Dist 2,850,296,164,3,0,1,464,0.637931034482759,0.353448275862069
Sharpsburg Dist 3,843,256,233,2,2,1,494,0.518218623481781,0.47165991902834
S Fayette Dist 1,582,132,203,1,3,2,341,0.387096774193548,0.595307917888563
S Fayette Dist 2,1157,256,447,6,1,4,714,0.358543417366947,0.626050420168067
S Fayette Dist 3,2001,464,652,9,4,3,1132,0.409893992932862,0.575971731448763
S Fayette Dist 4,875,199,282,1,1,2,485,0.410309278350515,0.581443298969072
S Fayette Dist 5,1074,273,406,2,4,2,687,0.397379912663755,0.590975254730713
S Fayette Dist 6,1289,327,414,4,4,7,756,0.432539682539683,0.547619047619048
S Fayette Dist 7,734,143,254,3,3,0,403,0.354838709677419,0.630272952853598
S Fayette Dist 8,1603,401,454,0,2,6,863,0.464658169177289,0.526071842410197
S Fayette Dist 9,708,143,192,1,2,2,340,0.420588235294118,0.564705882352941
S Fayette Dist 10,740,177,245,5,3,2,432,0.409722222222222,0.56712962962963
S Fayette Dist 11,1140,249,413,1,1,1,665,0.374436090225564,0.621052631578947
S Fayette Dist 12,1051,208,323,1,2,1,535,0.388785046728972,0.603738317757009
South Park Dist 1,775,128,293,1,7,3,432,0.296296296296296,0.678240740740741
South Park Dist 2,777,184,258,1,2,4,449,0.409799554565702,0.574610244988864
South Park Dist 3,714,164,289,2,2,3,460,0.356521739130435,0.628260869565217
South Park Dist 4,918,250,282,1,2,1,536,0.466417910447761,0.526119402985075
South Park Dist 5,747,206,290,3,2,4,505,0.407920792079208,0.574257425742574
South Park Dist 6,924,219,292,2,5,2,520,0.421153846153846,0.561538461538462
South Park Dist 7,1100,213,346,0,3,1,563,0.378330373001776,0.614564831261101
South Park Dist 8,527,132,194,3,1,1,331,0.398791540785499,0.586102719033233
South Park Dist 9,853,165,247,0,2,3,417,0.39568345323741,0.592326139088729
South Park Dist 10,897,182,349,1,3,1,536,0.33955223880597,0.651119402985075
South Park Dist 11,598,124,216,0,5,1,346,0.358381502890173,0.624277456647399
South Park Dist 12,601,133,223,2,2,1,361,0.368421052631579,0.617728531855956
South Park Dist 13,1177,206,432,1,4,2,645,0.31937984496124,0.669767441860465
S Versailles,222,32,129,0,1,0,162,0.197530864197531,0.796296296296296
Springdale Br Dist 1,690,165,221,1,1,1,389,0.424164524421594,0.568123393316195
Springdale Br Dist 2,599,135,247,1,4,5,392,0.344387755102041,0.630102040816327
Springdale Br Dist 3,577,138,199,0,2,1,340,0.405882352941176,0.585294117647059
Springdale Br Dist 4,473,110,169,0,0,0,279,0.39426523297491,0.60573476702509
Springdale Twp,1187,228,439,1,2,1,671,0.339791356184799,0.65424739195231
Stowe Ward 1,454,118,79,1,0,3,201,0.587064676616915,0.393034825870647
Stowe Ward 2 Dist 1,188,36,33,0,1,0,70,0.514285714285714,0.471428571428571
Stowe Ward 2 Dist 2,688,177,141,1,1,2,322,0.549689440993789,0.437888198757764
Stowe Ward 3,359,65,98,1,1,0,165,0.393939393939394,0.593939393939394
Stowe Ward 4 Dist 1,330,77,78,1,0,0,156,0.493589743589744,0.5
Stowe Ward 4 Dist 2,360,65,126,0,0,1,192,0.338541666666667,0.65625
Stowe Ward 5,443,87,90,0,1,0,178,0.48876404494382,0.50561797752809
Stowe Ward 6,478,137,61,1,2,0,201,0.681592039800995,0.303482587064677
Stowe Ward 7,293,76,36,1,1,1,115,0.660869565217391,0.31304347826087
Stowe Ward 8,397,83,67,0,1,0,151,0.549668874172186,0.443708609271523
Stowe Ward 9,299,69,30,0,0,0,99,0.696969696969697,0.303030303030303
Swissvale Dist 1,849,262,74,4,1,3,344,0.761627906976744,0.215116279069767
Swissvale Dist 2,744,282,47,5,1,0,335,0.841791044776119,0.140298507462687
Swissvale Dist 3,687,251,41,0,3,3,298,0.842281879194631,0.13758389261745
Swissvale Dist 4,619,212,66,5,3,1,287,0.738675958188153,0.229965156794425
Swissvale Dist 5,736,265,74,1,2,1,343,0.772594752186589,0.215743440233236
Swissvale Dist 6,404,149,22,3,0,0,174,0.85632183908046,0.126436781609195
Swissvale Dist 7,675,264,67,3,0,1,335,0.788059701492537,0.2
Swissvale Dist 8,710,279,58,2,0,5,344,0.811046511627907,0.168604651162791
Swissvale Dist 9,670,275,57,4,3,4,343,0.801749271137026,0.166180758017493
Swissvale Dist 10,240,99,14,2,0,0,115,0.860869565217391,0.121739130434783
Swissvale Dist 11,678,300,44,1,1,2,348,0.862068965517241,0.126436781609195
Tarentum Ward 1 Dist 1,687,154,224,1,3,1,383,0.402088772845953,0.584856396866841
Tarentum Ward 1 Dist 2,470,112,164,2,3,3,284,0.394366197183099,0.577464788732394
Tarentum Ward 2,558,100,155,0,1,0,256,0.390625,0.60546875
Tarentum Ward 3 Dist 1,278,59,92,0,0,0,151,0.390728476821192,0.609271523178808
Tarentum Ward 3 Dist 2,593,104,215,2,4,1,326,0.319018404907975,0.659509202453988
Thornburg,407,158,116,1,2,0,277,0.570397111913357,0.418772563176895
Pennsbury Vill,569,190,179,0,1,0,370,0.513513513513514,0.483783783783784
Trafford,55,15,17,0,0,0,32,0.46875,0.53125
Turtle Creek Ward 1 Dist 1,841,213,233,1,0,0,447,0.476510067114094,0.521252796420582
Turtle Creek Ward 1 Dist 2,415,121,76,0,0,0,197,0.614213197969543,0.385786802030457
Turtle Creek Ward 2 Dist 1,704,201,112,1,0,2,316,0.636075949367089,0.354430379746835
Turtle Creek Ward 2 Dist 2,316,91,44,0,0,0,135,0.674074074074074,0.325925925925926
Turtle Creek Ward 3 Dist 1,553,157,94,0,2,1,254,0.618110236220473,0.37007874015748
Turtle Creek Ward 3 Dist 2,453,107,114,0,0,0,221,0.484162895927602,0.515837104072398
Up St Clair Ward 1 Dist 1,501,144,134,0,1,0,279,0.516129032258065,0.480286738351254
Up St Clair Ward 1 Dist 2,822,206,228,2,4,4,444,0.463963963963964,0.513513513513514
Up St Clair Ward 1 Dist 3,1194,313,337,4,2,3,659,0.474962063732929,0.511380880121396
Up St Clair Ward 1 Dist 4,810,231,170,7,0,0,408,0.566176470588235,0.416666666666667
Up St Clair Ward 2 Dist 1,988,257,268,1,1,0,527,0.487666034155598,0.50853889943074
Up St Clair Ward 2 Dist 2,711,188,191,1,2,0,382,0.492146596858639,0.5
Up St Clair Ward 2 Dist 3,1082,292,283,1,4,4,584,0.5,0.48458904109589
Up St Clair Ward 2 Dist 4,545,160,151,1,1,2,315,0.507936507936508,0.479365079365079
Up St Clair Ward 3 Dist 1,1040,281,255,2,4,2,544,0.516544117647059,0.46875
Up St Clair Ward 3 Dist 2,860,218,277,2,5,2,504,0.432539682539683,0.549603174603175
Up St Clair Ward 3 Dist 3,1432,315,406,0,1,8,730,0.431506849315069,0.556164383561644
Up St Clair Ward 4 Dist 1,1024,272,297,1,4,0,574,0.473867595818815,0.517421602787456
Up St Clair Ward 4 Dist 2,594,138,180,0,2,1,321,0.429906542056075,0.560747663551402
Up St Clair Ward 4 Dist 3,649,164,190,0,1,2,357,0.459383753501401,0.532212885154062
Up St Clair Ward 4 Dist 4,1120,210,254,2,2,5,473,0.443974630021142,0.536997885835095
Up St Clair Ward 5 Dist 1,1149,263,372,1,0,4,640,0.4109375,0.58125
Up St Clair Ward 5 Dist 2,1193,294,374,6,9,5,688,0.427325581395349,0.543604651162791
Up St Clair Ward 5 Dist 3,921,253,246,4,1,8,512,0.494140625,0.48046875
Verona Dist 1,516,160,115,1,1,1,278,0.575539568345324,0.413669064748201
Verona Dist 2,571,188,156,1,1,2,348,0.540229885057471,0.448275862068966
Verona Dist 3,613,187,185,0,1,1,374,0.5,0.494652406417112
Versailles Dist 1,517,116,153,0,0,2,271,0.428044280442804,0.564575645756458
Versailles Dist 2,468,101,117,0,4,2,224,0.450892857142857,0.522321428571429
Wall,324,56,93,1,3,3,156,0.358974358974359,0.596153846153846
West Deer Dist 1,1669,288,729,1,3,7,1028,0.280155642023346,0.709143968871595
West Deer Dist 2,653,118,323,1,3,1,446,0.26457399103139,0.724215246636771
West Deer Dist 3,840,114,376,0,3,2,495,0.23030303030303,0.75959595959596
West Deer Dist 4,833,149,313,0,1,2,465,0.320430107526882,0.673118279569893
West Deer Dist 5,914,156,442,1,2,3,604,0.258278145695364,0.731788079470199
West Deer Dist 6,802,160,359,2,2,0,523,0.305927342256214,0.686424474187381
West Deer Dist 7,1846,244,691,2,7,4,948,0.257383966244726,0.728902953586498
West Deer Dist 8,1589,262,534,1,2,1,800,0.3275,0.6675
W Elizabeth,249,47,112,1,0,0,160,0.29375,0.7
W Homestead Dist 1,424,131,38,0,3,2,174,0.752873563218391,0.218390804597701
W Homestead Dist 2,465,112,190,0,3,0,305,0.367213114754098,0.622950819672131
W Homestead Dist 3,523,128,187,1,1,1,318,0.40251572327044,0.588050314465409
West Mifflin Dist 1,699,162,241,0,3,2,408,0.397058823529412,0.590686274509804
West Mifflin Dist 2,478,178,65,0,0,0,243,0.732510288065844,0.267489711934156
West Mifflin Dist 3,481,143,127,1,6,3,280,0.510714285714286,0.453571428571429
West Mifflin Dist 4,396,70,13,0,0,0,83,0.843373493975904,0.156626506024096
West Mifflin Dist 5,829,242,290,1,2,1,536,0.451492537313433,0.541044776119403
West Mifflin Dist 6,336,67,122,1,3,1,194,0.345360824742268,0.628865979381443
West Mifflin Dist 7,752,184,268,1,0,2,455,0.404395604395604,0.589010989010989
West Mifflin Dist 8,579,208,95,1,2,1,307,0.677524429967427,0.309446254071661
West Mifflin Dist 9,786,210,206,2,1,2,421,0.498812351543943,0.489311163895487
West Mifflin Dist 10,520,115,178,3,1,0,297,0.387205387205387,0.599326599326599
West Mifflin Dist 11,788,165,272,3,1,4,445,0.370786516853933,0.61123595505618
West Mifflin Dist 12,1025,215,323,2,1,2,543,0.395948434622468,0.594843462246777
West Mifflin Dist 13,543,121,155,0,3,0,279,0.433691756272401,0.555555555555556
West Mifflin Dist 14,933,222,349,2,3,0,576,0.385416666666667,0.605902777777778
West Mifflin Dist 15,596,170,168,5,1,3,347,0.489913544668588,0.484149855907781
West Mifflin Dist 16,1160,213,392,2,2,4,613,0.34747145187602,0.639477977161501
West Mifflin Dist 17,575,127,203,3,2,0,335,0.37910447761194,0.605970149253731
West Mifflin Dist 18,859,213,276,1,3,3,496,0.429435483870968,0.556451612903226
West Mifflin Dist 19,656,136,275,1,3,0,415,0.327710843373494,0.662650602409639
West Mifflin Dist 20,477,111,163,1,2,1,278,0.399280575539568,0.586330935251799
West Mifflin Dist 21,713,146,206,0,4,1,357,0.408963585434174,0.57703081232493
West View Dist 1,679,192,200,3,3,1,399,0.481203007518797,0.50125313283208
West View Dist 2,758,205,221,3,4,1,434,0.472350230414747,0.509216589861751
West View Dist 3,579,156,170,1,1,2,330,0.472727272727273,0.515151515151515
West View Dist 4,600,162,191,2,2,2,359,0.45125348189415,0.532033426183844
West View Dist 5,796,218,228,3,1,1,451,0.483370288248337,0.505543237250554
West View Dist 6,726,232,216,4,4,0,456,0.508771929824561,0.473684210526316
West View Dist 7,620,192,149,1,3,2,347,0.553314121037464,0.429394812680115
Whitaker Dist 1,455,138,131,1,1,0,271,0.509225092250923,0.48339483394834
Whitaker Dist 2,347,79,101,0,0,0,180,0.438888888888889,0.561111111111111
Whitehall Dist 1,568,135,175,1,5,1,317,0.425867507886435,0.55205047318612
Whitehall Dist 2,595,149,217,6,1,1,374,0.398395721925134,0.580213903743316
Whitehall Dist 3,758,164,231,2,1,0,398,0.412060301507538,0.580402010050251
Whitehall Dist 4,662,173,233,1,0,4,411,0.420924574209246,0.5669099756691
Whitehall Dist 5,741,221,185,1,1,0,408,0.541666666666667,0.45343137254902
Whitehall Dist 6,1099,211,116,2,1,2,332,0.635542168674699,0.349397590361446
Whitehall Dist 7,472,128,119,1,1,1,250,0.512,0.476
Whitehall Dist 8,823,235,244,3,1,1,484,0.485537190082645,0.504132231404959
Whitehall Dist 9,587,153,165,1,2,2,323,0.473684210526316,0.510835913312694
Whitehall Dist 10,652,166,224,2,1,1,394,0.421319796954315,0.568527918781726
Whitehall Dist 11,637,136,257,1,2,1,397,0.342569269521411,0.64735516372796
Whitehall Dist 12,588,161,202,0,0,3,366,0.439890710382514,0.551912568306011
Whitehall Dist 13,752,176,223,0,2,2,403,0.436724565756824,0.553349875930521
Whitehall Dist 14,616,146,192,2,3,1,344,0.424418604651163,0.558139534883721
Whitehall Dist 15,1024,206,319,0,2,0,527,0.390891840607211,0.605313092979127
Whitehall Dist 16,627,149,181,0,0,2,332,0.448795180722892,0.545180722891566
White Oak Dist 1,736,154,264,3,3,1,425,0.362352941176471,0.621176470588235
White Oak Dist 2,830,190,270,2,1,3,466,0.407725321888412,0.579399141630901
White Oak Dist 3,900,191,322,1,3,1,518,0.368725868725869,0.621621621621622
White Oak Dist 4,737,177,247,1,0,2,427,0.414519906323185,0.578454332552693
White Oak Dist 5,821,192,278,1,0,1,472,0.406779661016949,0.588983050847458
White Oak Dist 6,754,115,319,0,1,5,440,0.261363636363636,0.725
White Oak Dist 7,1106,222,419,0,1,2,644,0.34472049689441,0.650621118012422
Wilkins Ward 1 Dist 1,772,229,166,3,4,2,404,0.566831683168317,0.410891089108911
Wilkins Ward 1 Dist 2,667,221,164,0,3,4,392,0.563775510204082,0.418367346938776
Wilkins Ward 1 Dist 3,846,293,165,2,3,2,465,0.63010752688172,0.354838709677419
Wilkins Ward 1 Dist 4,633,227,159,1,0,1,388,0.585051546391753,0.40979381443299
Wilkins Ward 1 Dist 5,454,141,51,2,0,2,196,0.719387755102041,0.260204081632653
Wilkins Ward 2 Dist 1,669,231,162,7,3,1,404,0.571782178217822,0.400990099009901
Wilkins Ward 2 Dist 2,924,282,156,3,3,0,444,0.635135135135135,0.351351351351351
Wilkinsburg Ward 1 Dist 1,922,290,28,4,1,0,323,0.897832817337461,0.086687306501548
Wilkinsburg Ward 1 Dist 2,695,258,11,1,1,2,273,0.945054945054945,0.0402930402930403
Wilkinsburg Ward 1 Dist 3,415,132,8,1,0,0,141,0.936170212765958,0.0567375886524823
Wilkinsburg Ward 1 Dist 4,631,255,33,1,2,3,294,0.86734693877551,0.112244897959184
Wilkinsburg Ward 1 Dist 5,540,195,45,1,1,1,243,0.802469135802469,0.185185185185185
Wilkinsburg Ward 1 Dist 6,930,258,23,4,3,7,295,0.874576271186441,0.0779661016949153
Wilkinsburg Ward 2 Dist 1,734,210,30,0,3,0,243,0.864197530864198,0.123456790123457
Wilkinsburg Ward 2 Dist 2,981,349,77,1,1,4,432,0.80787037037037,0.178240740740741
Wilkinsburg Ward 2 Dist 3,754,234,17,2,1,0,254,0.921259842519685,0.0669291338582677
Wilkinsburg Ward 2 Dist 4,506,147,17,1,0,2,167,0.880239520958084,0.101796407185629
Wilkinsburg Ward 2 Dist 5,762,218,8,4,0,0,230,0.947826086956522,0.0347826086956522
Wilkinsburg Ward 3 Dist 1,733,343,48,1,1,2,395,0.868354430379747,0.121518987341772
Wilkinsburg Ward 3 Dist 2,692,291,38,4,1,4,338,0.86094674556213,0.112426035502959
Wilkinsburg Ward 3 Dist 3,799,243,20,2,1,2,268,0.906716417910448,0.0746268656716418
Wilkinsburg Ward 3 Dist 4,1061,389,53,6,2,6,456,0.853070175438597,0.116228070175439
Wilkinsburg Ward 3 Dist 5,1090,371,29,10,2,2,414,0.896135265700483,0.070048309178744
Wilkinsburg Ward 3 Dist 6,516,178,16,2,1,0,197,0.903553299492386,0.0812182741116751
Wilmerding Dist 1,481,118,59,0,0,1,178,0.662921348314607,0.331460674157303
Wilmerding Dist 2,695,206,112,3,2,1,324,0.635802469135803,0.345679012345679
